sentence_id,text,word_count,stratum
1,"hmm, ko a aldow tinama sadi.",6,short
2,simpleng buhay dawa pirme sanang gulay ginunawan,7,short
3,Nageeskwela iya sa Santiago Young Elem. School.,7,short
4,nagkukubkuban na lawin sa meq natikrag na,7,short
5,Matamis a asukar samantalang a mariguso,6,short
6,"resulta Villafuerte 411,418 boto Anadaya",5,short
7,Direksiyon Ekisan a bukung letrang Uu,6,short
8,Basawun a bawat saritang nakasurat sa ibaba.,7,short
9,kong fiesta sadto kanda. makakatipid makakahandang lagatob,7,short
10,a pagkaboot mo ki amang diyos parambungon.,7,short
11,pangalanan nyo pra mabisto mga ugok.,6,short
12,na uyan dakulong silag na supot.,6,short
13,pangontra talaga tyan bilogon dahon kaiyan,6,short
14,nakiusip kanimo.. ta ngamin masakit.. ngowan.. nagsilyak pa ika,9,medium
15,an tubig ay presko talaga karigusan diyan,7,short
16,dapat dire tawban plate number.,5,short
17,diyes kantina sitsirya iskwilan pinainum uda tamang simbag,8,medium
18,mga propetas nag-attend iyang paanakan,5,short
19,"lapota ton kabaong , ya congrats ko nggana",8,medium
20,inda lang sa baylihan harayu kaya minsan ang baylihan,9,medium
21,A bulan bagana bangka a itsura,6,short
22,dai na gayd sako nasusukol an nakaagl.,7,short
23,A pamilya Cruz nagbalak marigus sa dagat.,7,short
24,kiton tinampo.. nayku.. erak mn ko magagom.,7,short
25,Arug ka rosas a gayon ni Marian,7,short
26,hayop sana. grabi ginawa nya sa bata...,7,short
27,"Junior man jaday ipigkampanya kan, inda raw kaninyo",8,medium
28,Namumuya ko ta natapos mo su mga pagsasanay.,8,medium
29,amarilyo a pinakapino. maibug,4,short
30,Piliun kin magimpormar magpamuya o magkumbinsi,6,short
31,"Pisari ika!, nagdalagan sana si Agoy.",6,short
32,Balikan su Naturan Simbagun a mga unga.,7,short
33,mahilig gustonggusto o paboritong gibuwun.,5,short
34,maistra payong tambourine mangga kabayo,5,short
35,kadakul ku narakup na isura ni tatay.,7,short
36,"pagkahiling no mampak, pagpara suntokon Don Rodrigo.",7,short
37,borogtian ang pagkatapos ka iyan. karawa mansana.,7,short
38,kadakul ko nakuang bayawas 4 na pungot...,7,short
39,"inaandal na kwerdas ngowan, ay nabubugtong kwerdas,",7,short
40,A sumusunod parti ka surat na nagiimbitar.,7,short
41,ading pandemia ditana pagdarawon cton Bicol...,6,short
42,pigraray an sadiri sa naulang pagkamoot.,6,short
43,Lambang apon arog kadi a ginigibo niya.,7,short
44,"pakiusip Tina, tabangan mo kami.",5,short
45,nangurasa na cton.. cge mu pa taban.. 4,8,medium
46,kun ngata haraluyon manalming an mga babaye,7,short
47,"su mansion mo sa Ayala Alabang,",6,short
48,maraya paykang pisti ka. dapat kanimo tigbakun na!!!!,8,medium
49,kaya pina-uli iya 'nganing magpabulong saka magparay,7,short
50,"dawa arog kan, ipinaguurgulyu ko ka!",6,short
51,Kanamuya ni Lola Mameng ku kanyang narungog.,7,short
52,kung nakaiyan tulos pulis tibaad makorner pa!,7,short
53,su gustong bukudon iyo man an layas.,7,short
54,"tinuytuyan ading pagkakaiba ag angganan ka paguusip,",7,short
55,"tipunon, dangan ipaanod nyatong sarabay",5,short
56,"Pagkatapos, iistorya nanggad a binasang istorya.",6,short
57,Naglaba si Nanay Maring sadtu gripo sapun,7,short
58,Handa nakakanatong bagong leksyon Mayna!,5,short
59,Nagtagu su upus sa talikuran ka aparadur.,7,short
60,lalabos sanaman a kapag tiosan,5,short
61,"minsan ngani, napagkakamalan akong tambay ka iba;",7,short
62,Si Bantay Payaba kong ayup si Bantay.,7,short
63,"por medyo kanimu Ne lang daling nakalingaw,",7,short
64,wow congratzpoh balato man khit pamload ing,7,short
65,isus kta knimung babayeng ika...,5,short
66,maggaramit signal light oh maghiling sidemirror,6,short
67,saimo an namomoot daing labot,5,short
68,maibibilang iyang pinakaminos sa kahadian ka langit.,7,short
69,"pakaabot niyang kwarto, namundo siyang gatikit",6,short
70,Adtu palan nasobran sa kaun sa sitsiriya.,7,short
71,nguwan na pandemya kamong magngungod a magkakaeskwela.,7,short
72,"maguntok na sa basol asin balos, dayaday",7,short
73,"baad igwa pahagad man tabi ako idol,",7,short
74,nagbababayli nagkakanta nagtatawa nagtatangis nagkakaun nagiinom,6,short
75,kanang pagkutod ka mga nakasaray na tulang,7,short
76,adi bulanbulanan kong puso napupuno sa imbong,7,short
77,man 1 sana diring gayo malawdan.,6,short
78,ligtas nman daa kakanon sbi kan Bfar.,7,short
79,tanganing pasakitan kami dawa buku pang panawon?,7,short
80,makadagit man uni . kahugakan bagang tuda,7,short
81,tudang Chicken Joy ag Hamburger Yum.,6,short
82,malanang takot sadi Cam Sur ta,6,short
83,amu kan nguraspak kung makangakngak.. in English lol,8,medium
84,pirang bugkos na lubi-lubi ang uubusun mi?,7,short
85,"Nay, taunu ta naguuran, unga ni Tisay.",7,short
86,"nagukrong kami labing nagkukupadkupad sa kada pagkabuut,",7,short
87,kolor brown ag metallic gray na robot.,7,short
88,Simbagan mo adi kin nagibu o diri,7,short
89,Unong aldow sira nagiyan sadto sasaran .,7,short
90,ride na gayod kan hahaha brownout gyapon,7,short
91,sadto pagagi irarom ku raputraput na alambre,7,short
92,nwara c social distancing po staysafe everyone.,7,short
93,pwerte paka atado san linubak,5,short
94,main idea nagsasabi manungod ka istoryatula.,6,short
95,"ka kanimung pagkabalo, ibutang sadtu krus, itagak",7,short
96,muya mamundu mainit maagnuw maamut mabata,6,short
97,"masimut! ika ngani situn pirming naglulusi, haha!",7,short
98,dapat pigsabi taning isi!,4,short
99,Markahan a lebel ka pagkaintindi mo,6,short
100,maghurugas daw kmo plato saka magsapna.,6,short
101,uda sadi dragon maablada kong pigsabi kanya,7,short
102,dios ko gaya ano an nangyari kimo.,7,short
103,"rason nganing silngan taa Iriga,",5,short
104,Rubrik sa pagsurat sa alukut na talata.,7,short
105,Nagsimba kami sadtu Holy Cross Parish sapun,7,short
106,A flower vase nasa irarum ka lamesa.,7,short
107,sabihon entero banwaan nan mampaktonowon yamaangaboton yo,7,short
108,Halimbawa ka signal words na pwedeng gamitun.,7,short
109,"isipon kapakanan kan mamamayan tbi po,",6,short
110,a kinabanon na pagmati gaumno tayka kapayaba!,7,short
111,English.. paunu man su d tatao??? uyam baga,8,medium
112,Isadto po kusina si nanay Tiya Nena.,7,short
113,a iwas 0 plot ka kanimong batangan,7,short
114,Magirungog ka istoryang babasawon kanimo.,5,short
115,"Puun kadtu, binuay na ading Pinya.",6,short
116,"maboot, talagang maboot ika. sige na,",6,short
117,"diri ika mag-para-isip , sabi kan lalaki.",7,short
118,Siyak ni Linda Ibus saka suman,6,short
119,talampakin para magkusog ang bitis sa pagpedal,7,short
120,"bidaw. mga isura, biglang migaragawan, kanyakanyang likwad,",7,short
121,kin sari ana angin nagtataol sa kalipongawan.,7,short
122,migngalas paman kamu kiton baha iton..,6,short
123,Nagkuku sa sanga ag binutung pagilid.,6,short
124,buot kong magin amiga si 'anay,6,short
125,padurudarakula na sana nin tamindos ninda !,7,short
126,tawong ogakon abong magbanat sa buto.,6,short
127,ba'na iya sawa pag kinakausip niya 'ko,7,short
128,alagad dakul an sinaudan bara banggi sindang,7,short
129,Mamuyang kumpleanyo kanimo Jan sabay nirang sabi.,7,short
130,Siisay Mga igin edad abot anyos,6,short
131,pungot ako ngunyan kaya dae moko kaulayon,7,short
132,"atop a baloy, makapagadal su kauriyan",6,short
133,Naamay na nagisung saka nagsagub si Roland,7,short
134,mas maduag? pagisip ku babaying sadit.,6,short
135,Bawal maggamit sa cellphone sa iskwelan.,6,short
136,makusa a payu diri nagsusunod sa gurang,7,short
137,A mangitngit na panganurun pagbinagsak nagiging uran.,7,short
138,pnaghahaluannaiyan min dahon nin hap ska,6,short
139,"ay unta ton., baritang Rinconada pero English",7,short
140,nagpaparisang deri tataong magilusyon......,4,short
141,"ilinga yan sinasabi ko saymo aa,",6,short
142,"amu igin, madaling makaumaliw a covd19virus.",6,short
143,kawasa ing tugas nikan payu mo...,6,short
144,Mabalos kaninyo ngamin in advance and bless!,7,short
145,"magsunod irunggun a pinagsasabi, gibuwun a pinagsasabi.",7,short
146,Kuritan a parirala na nagpapahayag sa personification,7,short
147,Gibuwon Alimbawa Arani a libro sa bola.,7,short
148,uno raw planu ninu Baao Water District..,7,short
149,"dapat kan toltogon a bongaw, nganing magusang,",7,short
150,"baluson, bulusan sa mga biyayang igo.",6,short
151,"magbayli, bumirik, pirawon aangin saka magpainit kita",7,short
152,Alangkaw su nakuku ni Lito sa test,7,short
153,sinusuyo kita nganing maengganyo na magsunod kanda.,7,short
154,"pauroutro, anggan su ugat mala nang kusa.",7,short
155,"napoon kangaran ta, a marambong na udma?",7,short
156,kulang p poh ah pension nira matatangap,7,short
157,siram mamuya tunay masinggaya sira Yehey!,6,short
158,Kambal Sinurat ni Estefania E. Delloro,6,short
159,Basawon saka adalan tanganing maintidiyan a aralin,7,short
160,"ngunyan, dangugon na ang kanta kan paratugtog.",7,short
161,rinibong amorseko an nagdukot sa kalson.,6,short
162,Disyembre pagpasalamat sa nakaaging onseng bulan.,6,short
163,mabulok mn s kulungan su nggibo kan,7,short
164,pandemic ilang na nagluluyap sadi kinaban,6,short
165,"Kwarter Modyul Ideya Mo, Isurat Mo!",6,short
166,magtraho dri magpara asa sa tatabanon,6,short
167,"Si Ryza nakaistar sa Agdangan, Baao Camarines Sur.",8,medium
168,kadakol kiton sade chile napag rarakop namo,7,short
169,tga Fabrica ... tauno dakul ya adik cton,8,medium
170,post po ninyo so tawo nganing mabisto.,7,short
171,pagkimat ya antimano ta yaonyo dose higant.,7,short
172,anta say di? lm nman,5,short
173,nata kun nuarin ndgkakwabtatie bigla,5,short
174,"migsurat ako, sadto itaas ku lumang tore.",7,short
175,dri an madadara sa init ka mga pamayo,8,medium
176,ka mangno bulatbulat na tarpaulin!! yana kamu.,7,short
177,"kaiba a kaniyang ayam, nagiiratong sadto kadlagan.",7,short
178,Saring lugar pangyari a binasa mo,6,short
179,Magkaun sa Well Balanced Diet Ebalwasyun,6,short
180,"A atibagus, alibangbang saka luktun mga insekto.",7,short
181,Si Rey kagustu magkarakaun sa matatamis.,6,short
182,"bukang liwayway, unang sinag ka liwanag pagkaramrag.",7,short
183,na pigpara turutakpulan sana sa kalinturadong aspalto,7,short
184,"Nauda su iba, naggalin na palan.",6,short
185,"buut ko kintananang bilugan a kaintiruwan,",6,short
186,Pirmi niyang minamangno Puon ramrag anggan mudto,7,short
187,emperador sa yelo kinakalot ito grotto.,6,short
188,"diko na liwat nabayad su liksi ninyo,",7,short
189,"malungsi, maan ag seryosong silaw,",5,short
190,Maimpis na badu a dapat gamitun pagtaginit.,7,short
191,Naiisturya sa kumpleto su isturyang napili.,6,short
192,dakol p bagang nakukua ngonyan iyan?,6,short
193,Makulit si Kikoy alagad mabuut na ayam.,7,short
194,yamaan gaposon iya sa kalbaryo ipako do krus,8,medium
195,"mga tao.. masyadong nerbyoso yung lespu, haay!",7,short
196,Sumurat sa pangungusap tungkol ka drowing.,6,short
197,Kumusta ka Mayna ta maginnawa kita.,6,short
198,Tandaan a pasunodsunod ku pangyayari sa istorya,7,short
199,"alagad naglalaum iya, kaya man layas iya.",7,short
200,"kintab kan tubig, nagkakawat sa kadikluman,",6,short
201,dapo kuno kya pmbkal gulong su nagtaban 3,8,medium
202,Saka inuutru a unag pantig ka saritangugat,7,short
203,Nakasungsung su basura sadtu susulugan ku tubig,7,short
204,so ina q mahiguson kaan mangua,6,short
205,"sayang kayan, mini chocolate hills kunta.",6,short
206,maduag sadit mayamanpobre maati malinig maputi maitum,7,short
207,Kuluran sa yellow a panlapi o affix.,7,short
208,Tauno ta migkaagko Enhanced Community Quarantine,6,short
209,Naubus su mga gamit psaka centavo nira.,7,short
210,burger baka Ice cream nagsusurat manok,6,short
211,Health protocols sundon pa rin,5,short
212,Isinupung tulus saka inatubang ki Tatay Ariel.,7,short
213,nagsasakay pa kami sa likod kng karabaw,7,short
214,moreno a kulor ka lalawgon nya.,6,short
215,maray sanang nakapaginging pa bago nagraan.,6,short
216,magayon kasuotan noong kaysa ngayon,5,short
217,Pepe Usad san si Doktor Cruz.,6,short
218,ca mea poste ka kuryente sa syudad.,7,short
219,su simbag knako no problem hahaha.,6,short
220,bgana bukong galin kin pobreng pamilya haha,7,short
221,"Setyembre 10, Biyernes naimsa na su itlog",7,short
222,ipabarya permi ng dadakulong tindaahan a babakalan kadi hehe,9,medium
223,ah taga Rinconada paln nguwan naging America,7,short
224,"kisa sa ngulang ayup, 4 nagpundo na.",7,short
225,Ikonek a ngaran sa ritratong nababayad.,6,short
226,"sagkod na tunawon, paraon kaining saldang.",6,short
227,ono baya a gosto ninyong mabayad?,6,short
228,dko maeentendhn are kan paraholdap seton,6,short
229,"nagdadakulo kitang ngamin gustotang isangal, paloog kanato",7,short
230,Isurat a nauudang possessive pronouns sa blangko.,7,short
231,nag-ukrong si padre Bobby pa'la nagtango utro,7,short
232,Gamiton a rubriks sa ibaba para markan,7,short
233,"Sambit niya, Aruk sa pisngi, itinao pa.",7,short
234,"ibinalad sa kalayong saldang, kinugos nin duros.",7,short
235,Pampuksa sa germs adto ag siguradong mabisa,7,short
236,"abante sana, abante, sabi niya sa sadiri.",7,short
237,na bayubuan a isip namong lumbod,6,short
238,magingat kamu siton baloy pirming alerto...,6,short
239,"mabalukat su raga, mabayaran su malangabang listan",7,short
240,Napiritan na umiba si Emoy ki Kalbo.,7,short
241,uno kinatatakutan nira Anopol saka ni Tangid,7,short
242,ako modules nganud pagabut ni nanay.,6,short
243,kmi mgtorogang habang nggagawa ka ini,6,short
244,dina naawang animal nato matatanda na pinatay mupa..,8,medium
245,"linnilili si Jesus sagkud pagkabayad kanya sinnabi,",7,short
246,sa maitom na aso uroaldow iding nagtutubo.,7,short
247,sarong mahiwas na dagat an lawas,6,short
248,"amo di maray para kaninyo, amo masabot,",7,short
249,"maagi sa sapa, pani ki rebeldeng tawo.",7,short
250,Unu ana pwedeng maging katapusan ka isturya,7,short
251,"kuminua siya kan hinog, inubakan, saka kinakan.",7,short
252,"Mga burak, alibangbang, kawuy, alduw .",6,short
253,"Si, Sira Luz ang miglinig sadi baluy.",7,short
254,Sa natad ninda Clara dakol gulayon.,6,short
255,"warang ribok, arayi sa modernong gibu.",6,short
256,lakadbulan anapbuway kamotengnanap tumbangpreso kamotengkawoy madrikakaw .,7,short
257,mapagmata ya Don Rodrigo pangala bumaoy.,6,short
258,amot ag katuninongan. parong ka mga sekreto,7,short
259,"Agko adi darwang parte, simuno saka panaguri.",7,short
260,"determinadong marhay si alacalde Bongalonta,",5,short
261,"kilometrong abilay, maalnas, patukadpababa, mapagal magtuytoy lalo",7,short
262,namasul pagaku sa nagibung sala o kasalan,7,short
263,Itau a buod sa paagi ka pyramid.,7,short
264,"Pagkausay ko sadiri, nagiyan iya sadtu kusina.",7,short
265,Unu a darwang magkatugmang sarita kuting gunting,7,short
266,"langkaw. tadto, palyan na sa tirikragan",6,short
267,pinagtatangisan nmi Raquel so nagadan na igin niya,8,medium
268,naisip ko... pauno raw nagpoon so kasulo?,7,short
269,"a kanakong kulit markado sa mapulang gagatol,",7,short
270,"naulog, tuminagas, nawagis giraray.",4,short
271,darwang boteng lana saka limang kilong bugas.,7,short
272,marara ang dila kang demungkug na ini,7,short
273,andal kadi udma pide naman magkaprob wikwikwik,7,short
274,grav talaga irikitan jn sa parteng Rinconanda..,7,short
275,syempre binayaan ko adtong tapayason na adto,7,short
276,Unung sasaritaun paryu gustong sabiyun ka natamaan,7,short
277,Kaipuwan nakaluug o nakaindent a primirung pangungusap.,7,short
278,lalo mababa asin magtios an dating tios.,7,short
279,"sinabiyan niya sira, lomowas ngona kamo.",6,short
280,"alagad, paguli sadto opisina nira,",5,short
281,kada supog atang colorum man.,5,short
282,katanusan nin pagsasadiri 2020 Elbert Olaso Baeta,7,short
283,Nakakapagaan adi sa pagmati ka lambang usad,7,short
284,"sinabi ni Jesus kanya, somonod ika kanaku.",7,short
285,pendyente an saiyang pagbyhe gibon sana pasahero...,7,short
286,truths mam kadakol po gusto kanda magtabang..,7,short
287,"Joe Biden nanggana, Trump luwas",5,short
288,"buway pa man, kinding di na nakakarabas",7,short
289,Magayat kin tabang ka kagigin kun kinakaipuwan.,7,short
290,Maggibu sa Pagsasanay kurit paiyan sa kawun,7,short
291,Diri nakapagistorya Puntos Purbaran Ta.,5,short
292,na siging balikbalik sa hubas na baybayon,7,short
293,"romayo kamo kanaku, manga naggigibo sa maraut!",7,short
294,"pangala, dinara iyako diyablo sadto Jerusalem,",6,short
295,Bayadun a simbagsa Key to Correction sapahina,7,short
296,"nakatindog na solo a pustrerang musikero,",6,short
297,dae makakatabang asin baku solution an lockdown.,7,short
298,nagtindog si tandang Turo saka nagkanta;,6,short
299,alagad ang alimantak pigpirit bumalik sa kapurisawan.,7,short
300,tarayton miling malipot uda pananggad?,5,short
301,ibanan ninyo iya mantang pinapatunayan ninya adi.,7,short
302,nagkamang si Korona V paluwas sa kweba.,7,short
303,"mabuhay ka cop Dimaiwat saludo ako kanimo,",7,short
304,"pagluwas niya sa hardin, maangin. sobrang angin.",7,short
305,"payabaa man ako, bulawan ka kanakung puso,",7,short
306,agom iyan kan tugang ko nasi Felix.,7,short
307,dalidali kong kinamrang kading mga kuko ko.,7,short
308,adi hinaban dakit ni Kristian Sendon Cordero,7,short
309,Unung klaseng istorya a gusto mong irunggon,7,short
310,Mamira su pagkabakal ku tsinelas ni Agoy,7,short
311,naudit namuya nasorpresa matinabang namundo.,5,short
312,Pwede man ikang magtugtug sa instrumentong musical,7,short
313,gigibuhon ninyo sadto pakamo mismo gruto gs,7,short
314,Nagdadalagan si Enah na nakikibisara ki Mara.,7,short
315,"kan kaitong an dila, aki pa pagkamundag",7,short
316,buda kataraning namay kaipuhan.,4,short
317,putulan dapat ikang buto! bago ka bitayon,7,short
318,Kamuyang nagngayamun sa basketbol ni Kokoy.,6,short
319,nakuko nyopa tlga mang victim blame ano??,7,short
320,"irak man ko kagsadiri tsk, tsk hayzzzt",7,short
321,"tutturuan ko ikang magbasa, magsurat saka magbilang.",7,short
322,kaya amo he had me at hello,7,short
323,guramoy ka kamot ni Angela kandila kabigwis,7,short
324,Masiram ang pisog ning langka kpag nilaga,7,short
325,"inulat pang mg dkol su madistroso,",6,short
326,qng ebeninta or epinanao an maray pa,7,short
327,Pira ngamin a iskwila ni Mrs. Velasco,7,short
328,Nagbisti sa banderitas si Ate Mila.,6,short
329,"magtago, magsirong anggan kita maubos sa ilang?",7,short
330,Binakal kami sa bulung sa Mercury Drug,7,short
331,Darwa Ni Juvy T. Argarin,5,short
332,"pagbuklat ko, nagdagos ako. pinadagos ako.",6,short
333,unong oras po migka power sa Nabua?,7,short
334,kung sain mapaduman. kaya tigbabagyo kitag,6,short
335,"mama, ibang bauy ki nanay, inay, inang.",7,short
336,Mauri Taya Inadaptar ni Melva M Timado,7,short
337,"su angot na ngod, naamo natagakan",6,short
338,Magirungog abang binabasa ka tagatutturo a rima.,7,short
339,buway magparapanandaan sanayka ka mga nagiigot makaturak,7,short
340,dana patawad maski simban,4,short
341,taken nangagom nasanayka kiton tuninong pyka,6,short
342,Nakaturug si Pedro sadtu sirung ku kawuy,7,short
343,yamaan de amo komo maluya da naginbo,7,short
344,basta saro ining totoong pinapaabot,5,short
345,"Iko, Mayang, magngayamon kita! baoy ni Kiko.",7,short
346,Panapos na pagsubok Uran Uran!,5,short
347,"Nagbasketbol, Nagbabasketbol, Migbasketbol si Boyet kada apun.",7,short
348,pwedeng paki kumpleto tabi iton barita?,6,short
349,"ka nakakabaldadong kapangyarihan, maraot, udang kamanungdanan.",6,short
350,pautru-utro na kiniblit kan paros an kandila.,7,short
351,hay naku grbe na naiicp k tawo nguwan..,8,medium
352,Magtau sa tulung sarita manungud kadi ritrato,7,short
353,kadto payan nirereklamo migbarita dma intindihan,6,short
354,next ako na sunod ming gana sahan hoping,8,medium
355,iba nipa nigu abokado itlog Congratulations!,6,short
356,Baliktarun a pahina sa kasunod na pahina.,7,short
357,"sinnimbag si Jesus, lomayas ika, Satanas!",6,short
358,manay love Lee isi mo yan?,6,short
359,Bisikleta Agku pasalubong kanako si Kuya Gimo.,7,short
360,A paborito niyang ngayamon a Mobile Legend.,7,short
361,Masitas ni Sisa ni Glenda L. Coronel,7,short
362,"manay, an akos yaan ni Susan",6,short
363,Nagsusupong kita sa maibog na bado pagmaagnow.,7,short
364,"kanguran, gatikot pong tyaga y pacencia.",6,short
365,na criminal amak nagmomotor sn apagbadilon na...,7,short
366,"sa mga sibot tang pagbaklay aldow, gabi.",7,short
367,Ta iya malang urot masinunodsunod saka mabuot.,7,short
368,tara nakulong d nakadulag. hahaa,5,short
369,a nagpicture kn kontra partido yi,6,short
370,labi na kun an dalan ay maharang harang,8,medium
371,kaya gayud lalong binabaha a San Fernando.,7,short
372,batiiiit pigbabaoy na 'ko ni mamee,6,short
373,Cursive Writing pagsurat sa rapotrapot o turutugbong,7,short
374,Rincondana man po tlagang saritaon hehe,6,short
375,Pagkatapos mag-angelus diritsu na sirang migkaun,6,short
376,Unu ngaran ku ataman ni Onin Oti.,7,short
377,"Dae nin pagontok, kun anong dahilan.",6,short
378,nguwan apulason moton rihas mauga,5,short
379,isay ko magiging maestra ka ireskwelan,6,short
380,upper case letter dakulung letra,5,short
381,an nangyari ay grabe nakakatakot na baga condolence po,9,short
382,grabi na pati siton bukid nagbabaha.,6,short
383,matatalinong patal cge pang tahol garo ido.,7,short
384,"sadtu sana arani, agku nagpundung Honda Crv.",7,short
385,rinnapo kanya sosusad naparatottoro ka layi sagkud.,7,short
386,"Banwit, pokot sakong dara",4,short
387,uno karapatan mong magloog sa kanamong teritoryo?,7,short
388,alas 10 na baga unta na,6,short
389,lang ray babadilon na dimunyoy ton!!!,6,short
390,pagbabago satong namamatean nal,4,short
391,dai akong labot kun sinda dai makasabot,7,short
392,tigbak na balulang iyong kapotkapot,5,short
393,"diri kayang guranun, kaya, mala, ipagsusulit baga,",7,short
394,"malabo pa iton sa pagmamahal ninyo! hahahaha,",7,short
395,", pinahihigpitan situation tios tios muna nganiii!!!!!",7,short
396,Iab Buradul bagay o ngayamnan na pinalalayug.,7,short
397,"angog, bitis, daghan, pusod,",4,short
398,A. Nagpila B. Migpila C. Nagpipila .,7,short
399,biyo pigakilig mn c Nonoy oi...,6,short
400,"masurusinggayang panawun nabubuway sa ruruggan,",5,short
401,"si Dimas, na nasa too ni Hesus nagkasala, pero nag-ayat tawad, puno kin paglaom.",14,medium
402,ohhh diva! kamo palan tiga Varvie ah agko poder pra magtao sa permit kuno tapos,15,medium
403,Ika man ganso nagtatau sa sinyalis kin agko tawung nagabut saka masustansyang itlog saka karne,15,medium
404,saka malalain mo a mga pangngalan na kaiba sa mass noun o count noun.,14,medium
405,mabasahan sa desisyon kin oda man defensa ta yogon mong pinutol pa so legs,14,medium
406,pag-agi sa pirang taon su tiil niya biyong nasurip labing pigtatabangan niya su mga parakaingin,15,medium
407,"alagad ku nagrani na iya, pinurot niya su sawa tapos ilinuog sa sako.",13,medium
408,eu talaga arog ngani ka yan gwa ko pag may okasyon saka ko iluluwas pagtapos na taho,17,long
409,sa Nabua po arog man kan binabatloy ako diritso sana so kotse kin diri ako inatras,16,long
410,"angap, boratsiro, sagkud amigo ka manga parasingil sa bowis sagkud ka manga parakasala.",13,medium
411,"nganing arug ki Jonang ugakon na surogoon ni kagurangnan, makatago kita tapos makaya",13,medium
412,herak man kang baby.. pero mas nakakaherak ang ina.. dae ta po aram ang,14,medium
413,"magagom na lawin, rumil na su mga gabi ky pakpak.",10,medium
414,opinyon ko iyan.. ang magalit.. tiyak.. saro ka duman...,9,medium
415,mga burotungon kamooooo. . kin nagtatabang kamo kiton k ina ninyo so mga gigibuhon,14,medium
416,ma.. Maggy? linnilili si Lilly. diri niya isi kin kaya pa niyang pugulon a itatangis niya.,16,long
417,amo na sana ninyo inatman eto dolomite. su Yolanda funds di kamo nagaanap,13,medium
418,lang makadisganar mgpara eba cton tauno ka mga bastos ka ebang voyadores. tauno,13,medium
419,anuman hanapbuhay van driver kapag hinaluan sa katarantaduhan agko katumbas na karma...,12,medium
420,"sasama , susuko ako susuko pero pinagbadil na oda basang kalaban laban,",12,medium
421,sa nagpaevent kiton dapat klarado man basang irak man lugod kadi mga classmates ta,14,medium
422,sana bukong arog kiton ginibo sa egin. . para pasiram tpos abo sa obligasyon. ..,15,medium
423,"Nagpila, Nagpipila, Migpila su mga igin sa sadtu kantin subagung recess",11,medium
424,agko na nagffun run agko na nagaairborn kuno na mabarian sa spinal,12,medium
425,talagang dri na malilingawan ka mga tagapili so otso pesos kada square meter na daga,15,medium
426,nakikipag coordinate po kami sadto nagpost kanda na barkada q taga Bula adto .,14,medium
427,"na bagana annino na nagtataros sa bintana sa likod ku siradura, pag Agosto sa apon.",15,medium
428,pa'la nakatipon ako sa sintabo 'nganing makaarkila sa kwarto kaiba 'ding tulo man na binabayi,15,medium
429,sadto adi ki Morallo.. pirmi kayang dakol a nagbabakal kaya dna namamangno.. ata,13,medium
430,Panapos na Gibuwun Mga pahina sa Gabay ng Guro K Curriculum Guide Mother Tongue.,14,medium
431,inaandal pagmating maagnuw a kamut tabid sanang tabid nagkuradkutad a ruruggan,11,medium
432,karma.. dapat qton aksyon... iraq man kay Papay...,8,medium
433,Ginigibung mamaun pangbanyus sa kinakalintura pantakpul sa nabukulan Dapat tang atamanun ag payabaun a buyu,15,medium
434,"Unung regalo a gusto mo, bagong badu o bisikleta Unga ni Tatay sabay gakus kanya.",15,medium
435,"Isurat a mga naturan na dakula saka sadit na letrang Oo, Ss, Kk saka Mm.",15,medium
436,"Kim, kuun mo raw tabi su usad na rulyu tursidu ta migtayi ako.",13,medium
437,"ma Soledad Ensano grabe palan uran siton mam permi, sadi wiz.",11,medium
438,Intirung nagiiwagiwag a ikug niya sa kamumuyan habang sinasabat kanaku.,10,medium
439,ni nungcang magpaursino ki Papay pati na ka mga bolelay niyang laka mga paungot...,14,medium
440,"uy, tatsian kita! inangat ni Ongaw sira Otep saka Utoy.",10,medium
441,sa kadaklan ka panawon tatawan ako sa sintabo pa'la balik na sa Remedios Circle,14,medium
442,mga tricycle driver kaya huna mo batasbatasun pirmi sa dalan. maliko muna yan bago,14,medium
443,"basta maaksidente balasubas na,,, dba pde svhin ninyo na aksidente is aksidente,, kahit un",14,medium
444,"naka-shorts, minsan ngani bagana ko nakasupong panturog na nagaagi-agi sana.",10,medium
445,su migpa bakuna kintana kindi naging na sana pakatapos ku town hall meeting nira.,14,medium
446,"grabi baga ay, pirmi uda nitz kong pwede po ayoson man ninyo asirbisio ninyo,",14,medium
447,"tanganing dae malaglag an aki, sagkud mapondo na an pagiugo asin an pagkulog kan tulak,",15,medium
448,Uno namatian mo matapos mong maisiyan a resulta ku pagpupursige mo sa lambang pagsasanay,14,medium
449,"ta busog na kamo, mayna ta basan ko kamo sa istorya, alok ni titser Precy.",15,medium
450,sa mga bisita kita ang piggagamit so mga luma na mga makanos pa marhay pa,15,medium
451,"uy, baka makatakot kanimo a igin, sabi man ku usad abang binabaton su alwag na sarwal.",16,long
452,Sa parteng adi ka modyul masusukul a naturan mo manungud ka kanatung aralin nguwan.,14,medium
453,Purbaran raw ninyong simbagun a sumusunod na mga unga bago kita magpuun ka leksiyon ta,15,medium
454,kin uno su masakto sa uring numero amo yan magigin panawon pag sunod na aldow,15,medium
455,kaya maray qntana ebalik na a death pnalty nganing maenguragan nadi mga rapest,13,medium
456,Iatf ikulong nyo yan... wala na ngang maitulong sa mga magulang kaniguan mga kaarakan. o,15,medium
457,"nagtangad si Mboza saka nagisip, pauno ko raw marakop adtong mautak na manok na adto.",15,medium
458,malasang pinoy eyo madali mabalnaw at deretso rigos ulit hapon na lang na,13,medium
459,cge rauta ninyu balang araw kita man sanang mga tawo a migdusa kitun.,13,medium
460,kin kaya ako kninyo ng papatak patak na sana kamu sa pambakal sa purog kintana,15,medium
461,pigtawan ag insultuhon pa ninyo kesyo wanpipti o uno pa man na degrading na saritaon.,15,medium
462,Su Sinurat ni Estefania E Delloro Migiskwila na si Ling Ling,11,medium
463,"A tablet mga igin nakatatabang kanato sa pagbasa, makatuod sa numero ag makapagresearch.",13,medium
464,iton na mga kanal baka mga pono na sa basura kaya lang daling nagbaha.,14,medium
465,"Tula a bauy, binubuo ini sa taludtud o saknong agku sukul ag tugmarima.",13,medium
466,Key or scale ipinababayad a bilang ka bagay Pagadalan a parte ka pictograph sa baba.,15,medium
467,"kada iyan ko sini, migdakulo ana batong ini para ibayad a pagdakulo kana payo mo.",15,medium
468,"Usad na aldAw, nagkabinaydan su magaamigo na si Frontera, Titulo, Beginning, Ending, Illustrator ag Author.",15,medium
469,uno man kan kalalawgon ko na nguwan si Demi Moore ag 'lang gayon baga niya,15,medium
470,sira server amp! may digital illustrations akong tinatapos woiii!,9,medium
471,"kawoy a kada kawoy na diri nagbobonga sa maray, pupuludun sagkud aapon sa kalayo.",14,medium
472,"mga nakamask pa rin kaya diri oman mabisto, dapat ipagbawal na rin ang nakaface",14,medium
473,Kuritan man a simuno saka ikawon a panaguri sa payak na pangungusap.,12,medium
474,kuntudo porma kuntudo hambog kuntudo yabang ito plan mga hinaragadan mn sana hahaha,13,medium
475,Saring basuran mo dapat iapun su inubak ku kinaun mong tinanuk na mayis,13,medium
476,Interesado si Mr. Sy kin uno nangyayari sa stock market kaya binabasa niya a,14,medium
477,si papa 'iton niya a nagtanom ku kawoy na adto ku aldow na pinangigin iya,15,medium
478,"kaalyado kan mga abusero sa pwesto. again, magisipisip kita sa sumusunod na eleksyon",13,medium
479,"hi po, magtatanong lang ano po ibig sabihin nito garo man mga korasmag.",13,medium
480,Maggamit sa tamang spelling bantas indent dakulo ag sadit na letra,11,medium
481,"sa apon, si tatay nagbibisita sa fish pond, umiiba si Tikay, magbawog sa",13,medium
482,"Pangabay ini a mga saritaun na naglalarawan ka pandiwa, panguri o kaparyu pangabay.",13,medium
483,"Pagkatapos sa pirang alduw, Nay, agku na burak adi masitas ko Natukran mo su sasaritaun.",15,medium
484,supog an ipagsusulit na ini. garo ka kontra bida sa pelikulang Terminator,12,medium
485,iyo tabi apod mi dayan sa Guinobatan anok or gabi San Fernando tinatalupan yan,14,medium
486,"maray kin arug kan! pwede ta yan bunuon saka kaunon, suwistyon ni lola.",13,medium
487,ko man Nho katakot ko magsuno sa motor ta an ngani kotse 4,13,medium
488,"Sabay nagsinilngan su magama, Baydun ta baya Agoy baka agku kita mabakal na baratu.",14,medium
489,wow sisay daw an ta mautangan haha congrats ingat lang at baka mabudol ka maglikay,15,medium
490,pay ente pirang aldow na kapalpak ka serbisyo agko na raot na gamit Casureco amo,15,medium
491,9 sa rarum ka planggana nauugas a ati ag atabatab.,10,medium
492,"lamis adi a jistan ie ginikanan ni Jesu Cristo, na erensiya ni David sagkud ni Abraham.",16,long
493,Balikun a papel paibabuw saka tipigun a puru kadi paitaas.,10,medium
494,"Julia Barreto saka Gerald Anderson, innamin na ka relasyon nira.",10,medium
495,nakapagpapalayas iya sa manga demonyo sa paagi ka kapangyariyan ka namomoon ka manga demonyo.,14,medium
496,Nagbarayliyan su mga bituun sa kalangitan ku makapasar na si Nona sa pagkamaestra,13,medium
497,Bating Panimula bauy ka pambungad na pagistinggir ka migbasa ka surat.,11,medium
498,namitan ko daw ngaya. enot na kinakan riya si bungang puti.,11,medium
499,nusad sana nguwan buyong abo a mga counter sdi Baao tpos amoyton serbisyo niinyo,14,medium
500,A pagtula saka pagkanta usad na paagi tanganing mapraktis ta a Oral Language Skill,14,medium
501,Pre test Paboritong Pagkaun ni Niko Tinawan sa balun na diyes pesos si Niko.,14,medium
502,sana sa barani batag pa tigluwag dai kutsara kinamlo baga anong sosyal susyal gutok,14,medium
503,Nagisung sira Lina saka dalidali nirang binubuan sa tubig anggan sa mauda su kalayu,14,medium
504,kho! kho! kho! kutat ku manok abang nagdadalagan patago sa kaduduotan.,11,medium
505,sagkud sinabi bomangon ika ag magina mo sadto Israel taguraan na so manga naguumang,14,medium
506,su lalaking nasa talikuran ko nagparakagrat ku nabayad niya 'di ag nagdalagan parayo labing nagkakagrat,15,medium
507,ka amay man kadi power advisory.. para udma.. subago pang ramrag uda kuryente...,13,medium
508,"Gayun gayun ka mga pisngi mo. Pati kulit mo malinig, riparu ni Rosa.",13,medium
509,maluyang serbisyo maray sa bayad uda tinataong considerasyon automatic a pamumutol,11,medium
510,"pangala, dinara iya otro ko diyablo sadto toktok ko bokid",10,medium
511,sa padangat ni Jerome M. Hipolito takad alagad nagsusupay an manlainlain na porma nin pagpadangat.,15,medium
512,sumo baga maray basang kin natatawan ngamen sa ayuda dri man pisting Duque di illegal na mataban..,17,long
513,nag-agi siya kin pagkalawig na raran saka nakaabot sa kabukidan.,10,medium
514,amo baga yan su nagtaban man q bike na nakapark sadto atubangan q Parish Center,15,medium
515,"facemask lang, pano na su pamasahe pangkaon tsaka para sa pamilya nira.",12,medium
516,"todo chat na e delete so ssvid amo baga yan so urag ninyo, mga badgurl",15,medium
517,kapasupog mo man ay. pati kton kag igin mo damay sa kasusupgan. kintana naganap na,15,medium
518,diman kan pag aram so nagbulang tapos agko pa nagpara ngesi,11,medium
519,"thoughts kita, kaya sana agko iluwas na pic para mabisto",10,medium
520,Pagabut mo sa grocery store saring karatula label ika miglabus paluug .,12,medium
521,tibaad man di kamo jan bahain. pero sure na may ganti ang kalikasan.. tandaan nio yan.,16,long
522,gurl na nakaaesthetic attire tapos hinithit muna yosi bago magibang dulakan me,12,medium
523,Nagiiskwila ako sa Nabua Central Pilot School. . Si Titser Rona a maestra ko.,14,medium
524,rip Sint bistado taka namaboot na tawo.. maabot ang karma jn sa naggibu saimu,14,medium
525,ngowan Kastivi iton gudgudan raw siton utak ag paril kin luwasan ika,12,medium
526,nguwan gaumno ko talaga gustong kulgan a ex-jowa ko ag magin aswang sa proseso,14,medium
527,kaya pa isay raw banwaan na nagigibo kan? nasarwtanan pa ah Iriga jusko Lord pls.,15,medium
528,"Sumala naman han , posible magbago pa an direksyon hini",10,medium
529,mga kaakian ay dapat diri na mgpra bragbarag pg gabe,10,medium
530,Dahil ka kanyang ginibu tinawan iya sa medalya saka sertipiko bilang pagbisto ka kanyang pagkaonesto.,15,medium
531,. ang lapit ng police station nsa harap lang maluya,10,medium
532,pigtangad niya su ringring ku bukid pala narumruman niya su inistorya kanya ku pukuapuon niya,15,medium
533,balut penuy dapat eakusar man ka mga kosumidores a Casureco laka inefficient ka serbicio,14,medium
534,"grabe nangyyri ngown, tpos sa barita permi nanggad kuno mataas ah survey kan",13,medium
535,"su kinaturan kong tingug, su mga ngabilun na ka pulido ka pasunodsunod labing naglilinaw",14,medium
536,"Baloy, ipinaliwanag ni mama Lita na agko Alzheimers disease si",10,medium
537,sa aking masoltero't magurang na dae mapanglingaw an saindang pinaggikanan.,10,medium
538,gibo sa kasalan. nagpuon na countdown dsang makaisip magayat tawad sa dyos ka gibong sala.,15,medium
539,sadi arani ku Bnhs kung nakikisingit so motor. untang sinabit sadi auto maray sana,14,medium
540,Kaipuwan mong sunudun saka simbagan na solo a mga gigibuwun sa modyul na adi,14,medium
541,ako pag nagbakal gibo sa Paracali. ang hanap.. may stock akong pirmi maski yaon ako.,15,medium
542,"nagtatawa saka naguurunaan sa pagpurot ku mga plastik, boteng plastik, saka mga lata.",13,medium
543,jusko di na naerak ku mga gurang na nasa dapit hapon na mga buway .,15,medium
544,gamit a panganuron na gapas marig maalin a ligta.,9,medium
545,lay di magkara palawod bayda di dawa kabisto pwede yan kanimo,11,medium
546,pakiayos man tabi kang caption haha. anak ng diktador? maging parehas kamu. yang,13,medium
547,pagpirit ku mga kababaihan saka pagtangis na agko halong kapahaan ku mga kaiginan.,13,medium
548,kaya palan maluya a bulos lalo na pgkakaramrag ta pgkukulang na sa bulos,13,medium
549,pangyayari grabe dawa tratuhin ng mabuti ang isang tao ngaun wla ng sinasanto!!,13,medium
550,"A tauhan, tagpuan o lugar na pinangyarihan ag pagyayari amu adi a elemento ka isturya.",15,medium
551,"esus, ipinagcheque pa! tinao na sna kuta sininsilyo man lang palan. hahaha",12,medium
552,"pinapadipisilan ka manga tawo sagkud pinagsasawtan ka ngamin na maraut dawa bukung matood, holi kanaku.",15,medium
553,"Kinaramragan, alduw na Domingo, biglang nagsulput su malakasasadit ag kaalup na ulud.",12,medium
554,mas ok ang English kc simply man sana baga intindihon dawa hs graduate maintindihan man.,15,medium
555,ka sayod man ... hahaha uyam baga ka mga palpal na parakaran . inda raw,15,medium
556,amo ni manay.. mararapak adi bulsa q sa pmasahe pa sna..,11,medium
557,kadakol kuta kme kaiyan pisting bagyo kaidto nakaparasa lugod,9,medium
558,yon pisipis. nangunguha kami nyan noon sa ilog ng Libmanan. yong tabagwang. nakakanamit,13,medium
559,"Kin iminamanda saka kin pinagsisilyakan adi ni Cristina, pagintindi mo paryu sana sira sa idad.",15,medium
560,nindo. may mga diskosyon pa kamung naaaraman maglapigot kamu.. tapos anu si mga,13,medium
561,"magiingat po kamu ngamin citon, unoraw ta tag init piro baha cton Baao",13,medium
562,tumabang sa mga kag igen.. kin tin ninir sana sadto mga baloy nira nanlimpya,14,medium
563,"gugurang diyos. kaya, uroaldow sirang nagaapag saka nagaatang ki",9,medium
564,maray kan ibakal sa lastiko pala magchinese garter pag uli,10,medium
565,"daradara a balde, saka mga kaipwanan inaatdan mga nagtatarok, sa tilapyang sinarukan.",12,medium
566,Ebalwasyon Basawun a alukut na tula saka tandaan a mga gawi sa pagsasarita.,13,medium
567,"dina sana kintana iya naglunad kin mg kominto man sana, imbis di pg istriktohan",14,medium
568,Nadiskubre adi ka mananakop na Kastila ku makaabot sira sa Kabikolan galin sa Kabisayaan,14,medium
569,Gamiton a rubriks sa ibaba para markan a Gibuwon Kumpletuwon a pangungusap.,12,medium
570,"pinangigin si Kerwin Orville Tate sa syudad ka Naga, Camarines Sur,",11,medium
571,napaparong mo yan? unga ni Anopol abang nakatangad ki tangid.,10,medium
572,"pa,, masiramon ginulay na palosag yun sariwang pa at yun bilad sa saldang na may",15,medium
573,pagkaramrag marigos sa maagnow na tubig pagkagabi puputuson sa mainit na gakos.,12,medium
574,"Nay, kadakul naman ka ititinda mo udma, sabi ni Mikoy, a solong igin nirang lalaki.",15,medium
575,bka nakaisip magbono sa manok kaya nagtaban sdto kaabay sa baloy dapat tinuda man,14,medium
576,wew. maan pgmaneho kmo. agku mga nguulat na pamilya kninyo.,10,medium
577,Nakakatabang nganing mas organisado a pagiistorya o pagtataong direksiyon.,9,medium
578,Magisip kin ibang bagay na agko kapariyong katangian ka ritrato ag idrowing adi sa kawon,15,medium
579,"A ako, ika, siya, kanako, kanimo, ko, kanda, kanya, ag kita mga panghalip panao.",14,medium
580,"Sira Marisa saka Mara, amo man paraluto sa baluy tanganing paguli nira migkaun na sana.",15,medium
581,asin preparado na an immune system kan lawas. mga frontliners ngona po!,12,medium
582,"Mintras na nagaanap iya ku raran, nabayad niya su gurang, kadakul ku bitbit na igatung.",15,medium
583,Pinasulit ni Diwata su mga kagayunan ku gulay ag pinaayat sa pasensiya si Marigusu.,14,medium
584,"ang problema ngani ta so naghahalat gutom na, anong gibuhon ta, iba na ngunyan",14,medium
585,"makakan kami, walat sa harong pag naguuran uran pamayawas , manga, katmon iyan",13,medium
586,si Pedro adi gusto ko kintana makingayamon kaninyo kaya lang bawal pa kitang magluwas nguwan.,15,medium
587,buisit! kin dmo kya obligasyon mo ka igin... diri ika magpra pangigin!! buisit ! amo.,15,medium
588,amu plan adi c nalabusan nmu sogabe na pigtatawowan kila kin disgrasya,12,medium
589,Sinasabayan man sa bayle ka mga dawon Na tinutugtogan man ka angin na magayon,14,medium
590,"grabeng pagkapaha, diri na kinayang makatukad ku ibang cimarron. su",10,medium
591,may naaraman k pang pagpurupukpok gamit ang palapa kng niyog... ay kapatal mo san!,14,medium
592,"kan sakuyang mata, kun dai ako aantion kan kun anuman an sasabihon sakuya",13,medium
593,lraga. abo kintanang tugutan ni apo Iraya na paibanon a kauusad,11,medium
594,"kadto ni nanoy, nagtalikod na iya. kinuko su nigo na nakakawit sadto",12,medium
595,nag-agi iya paiyan kanako pala pinirang sadto abaga ko'nganing mabayad su drowing,12,medium
596,nanipig ko mga lakdo nira.. isus maryusep tsk!,8,medium
597,puru-pirmi nagngayo-ngayo iyang dawa sari iya nagbabago a buway saka mas nagigin tultol na,14,medium
598,Kanun na a pagsilung ko kanimu pagkatapos kong magagi sa malang rayu,12,medium
599,erak mn pagaling k at yung suspek sna mahuli agd pra maghimas na sya sa,15,medium
600,kalut sa raga Diri ika magrani sa bubun ta baka ika maulug.,12,medium
601,"Sundan a mga sarita puun wala patuo, saka itaas na linya pababa.",12,medium
602,Pinakatampok na pangyayari Problema nakabiliw su ataman nirang bayung ta nakabayad sa sawa.,13,medium
603,Classified Ads mababasa sadi a tungkol sa mga bakanteng trabaho sa pwedeng pagaplayan,13,medium
604,sabi ku mga kurupos na tawo dapat kausipon tayka puru-pirmi 'nganing makauli nayka sadto kawoy,15,medium
605,"cge brown out taz nguwan nman, haha uda kataposan na pagbabrown out ng kuryente.",14,medium
606,sanaytun maginibo mo! dmo bsang naisip kn pasari i2n kalag mo kn magraan nayka!,14,medium
607,"taano po dai mo ipinagiba so binutong, ibus, sagkod so pansit Bato namay dinuguan..",14,medium
608,"kan elem ako pamahawan, pangudtuhan buda pamangihan mi iyan kina Chubby ko pa",13,medium
609,"Markahan a lebel ka pagkaintindi mo gamit a Lubos na naintindiyan Naintindiyan, Nalibungan, Rumrumun ta!",15,medium
610,bayai sana man magenjoy... tawa now iyak later,8,medium
611,iistriktohan naman ahan pa balatan paryo ko nangyari sa Del Gallego,11,medium
612,"sagkud sinabiyan niya so paralisado, tomindug ika, darawun mo a batangan mo, sagkud pomaoli na ika.",16,long
613,"Abu akong umiba sadtu Health Center Mario, nakatatakut akong iniksyunan, sabi ni Rico.",13,medium
614,"Base sa nakuko mong iskor, Bilugon ta raw adi talata manungod ka kanatong leksiyon.",14,medium
615,Saritang Ugat Panlapi linig bayad ubos migun ma Pandiwa miglinig babaydun mauubos,12,medium
616,"o, taiton na tulos ika? lamo man na liksi, ay! sabi ku mama na nagngangalas.",15,medium
617,ibg sabiun pg laug nia Bicol may ng aku kng bribe nia sa boundary..,14,medium
618,pariyo sirang ginigibo kin uno sa silong nira tama pero ngata ta malakasala ku kinatapusan,15,medium
619,"sa uri, isunod a mga kaserola, kaldero mga kawaling piglutuan.",10,medium
620,Pili A Kanamong Banwaan Batong kinamumuyawan Mauurut na mga tawu A mababayad ninyo.,13,medium
621,Ivan Rosales atang pasada Rinconada puro bareta English dapat kadi taga ibang bansa,13,medium
622,"Limang minuto sadtu na ako iskwilan, sabi ni Jan habang nagpipidal iya sa makaskas.",14,medium
623,Nabua maray pa via masoli to Iriga. d basang na sosolusyunan adi traffic sadi Nabua.,15,medium
624,"thanks God, agko na po kuryente sdi Balatan, thanks Casureco 3 Ngcp a.",13,medium
625,uso mn kaidto surublian nin bado igwa lang maisulot sa sarong okasyon... relate na maray,15,medium
626,inang pato. napangrod su kauusadusad na isiw anggan sa naalinan sa buway.,12,medium
627,no way ako sa motor maglakaw na lang maalawig pa buhay ko. kaito naning panahon,15,medium
628,Ulatun mo ako ta migngayamun kita kaiba a usa sadi uma Unu nabayad ni Ume,15,medium
629,baligang masiram lilogo bibotangan asin sa Bcol kadakol san namit yan lods,12,medium
630,uda malakbang na pangawak arog ka mga amerikano ag mapulang pigura ka mga,13,medium
631,"sa presente, nagseserbi iya bilang deputy consul general ka konsulado heneral ka Pilipinas sa Toronto.",15,medium
632,"tapos nagungko siya, nagpurot nanggad sa starfish, saka inapon sadtu dagat pag-agi ku dakulong alon,",15,medium
633,wooow !!! congratulation kun isay man kanimo nakarakop na dimunyoy kal!,11,medium
634,Namangno niya si Cris na barkada niya sadto upod ko tindan na agko darang robot.,15,medium
635,ka libugan mo ado himas himas ika sa babaying kaya sina man talahan,13,medium
636,Nagpundu si Ryan sa atubangan ka flagpole tanganing magtaung respeto ka bandira na itinataas.,14,medium
637,o ikamamangli 'ko sa multong bakla pag nadadak'lan ko a pagbutang sa funda,13,medium
638,"ngunyan, nami miss ko ang arog kayan na buhay lalo pag tararukan buda aranihan",14,medium
639,"ngamin kaya malisug mga abong padadaog ta mauurag kuno, center of attraction si ate",14,medium
640,"A kadakul, makulor, malangduag, saka kamuya mga sasaritaun na naglaladawan o adjectives.",12,medium
641,uda sana yan mga trbho iniisip chismis.. kin an mga busy d an kan mka iisip. pangag,17,long
642,diri tana ka binabauy kin migkaun ta kulang kanako tas maduag ako kaysa kanimo.,14,medium
643,kami sulong sagilid may dakulaon na balingang nasakat an pinsan ko ako taga purot sa,15,medium
644,"imbes, ipinapalis a bagong alak sa bagong bubutangan na anit sa arug kan, pareyo ading miguban.",16,long
645,"irak mn c kuya, ng hahanap buhay mn ah tao. pls naman, bka nman. po",15,medium
646,"kaya man, naungot a mga irago, engkanto na kabangatawo siring kabangasawa, orog na si Ayupan.",15,medium
647,"Dapat tama a ekspresyon ka pagbasa ka mga sasaritaun, parirala, pangungusap, paragraph o istorya.",14,medium
648,kauslaan na masasabi kin a sugod apulason dangan maalnas da.,10,medium
649,Aileen Santos magiyan ka sa opisina ka Casureco ag magapply para sa,12,medium
650,Mabalus Ursula utru bakasyon sadi pa nanggad ako migiyan,9,medium
651,Nagliliagi si Susie pauli biglang nagkitkilat saka sinundan sa makusog na daguldul,12,medium
652,mga kaarakan kadto ngane uda arug kiton piro nkakasal mn. mga pakitang tao ing kau,15,medium
653,sterio pono o kaya radyo pono mayplaka mga long playing grabe maogmahon kaito,13,medium
654,nkaaabot tulos kmo sa Iriga.. pigpapara labos labosan sna,9,medium
655,A ideyang adto mas madaling maiintindiyan kin idodrowing saka bubutangan sa magayon saka tamang kolor,15,medium
656,"Ana importante isipon nasana na malalampasan tading pandemyang adi , usad sana ading pagsubok.",14,medium
657,umiwas sa head on salpukan kontra trailer truck... kundi durog siya!,11,medium
658,"kapag migluwas si nanay, o tatay Iturol ading facemask nganing ligtas kandang buway",13,medium
659,"surang na baga kang Casureco 3 an mas lamang ang brown out kysa power ,",15,medium
660,kakadul kaya hinali ni acting mayor mga employee si mga job order under mayor Tom...,15,medium
661,para kuwa kamu kiton an nganing pamasahe sadi parina to centro laka 50 pesos alagad,15,medium
662,Ginunting saka irinukot ku mga iskwila bilang proyekto sa klase.,10,medium
663,"ginataang kalabasa na may tabagwang masiramon. nawawara na kaya iyan ngonian,",11,medium
664,"Pag magubat na saka diri na kaya ibinabagsak adi kaya nagigin uran, paliwanag ni Nanay.",15,medium
665,pano mkaka talon palaka eh may takip ata takure,9,medium
666,"thapag yarnoan. di amo, mages ni hahapeg no napkins na ho",11,medium
667,pareho luya ka signal. pero pag sa billing ka kumpleto ka detalyeg,12,medium
668,"Pero makakaya mo, Pa guru gatikot Matatanggap mo na , Ah kulog mauuda Nayan.",14,medium
669,agko sna pi kaya ugma migboto ako ana ibubutang ko sa balota kanakong pangaran,14,medium
670,"kagtugot ka mga guraanan sa paladan naragang sirangan,",8,medium
671,eyo an mauna na mabakunahan kan Covid19 vaccine. pirmeng isipon na duwang doses,13,medium
672,ading Bula Lirag kno manraw tabi migbagong fare matrix sana mabalik sa dating,13,medium
673,"bka iton strategy ing pra mka iwas iya ka issue tungkol ka West Philippine Sea,.",15,medium
674,pero diri diri diri si daddy gusto 'kong magluog sa Philippine Military Academy,13,medium
675,balwasyon Basawun a mga basic sight words sa ibaba.,9,medium
676,chesa ... masiram na garo kamote may ibang parong pero pangulam ko iyan kaidtong,14,medium
677,sadi ngani desyerto ultimo hari ag boung pamilya China made an ginamit na vaccine...,14,medium
678,"jusko , nakakagibo kading lalaki so mismong subrang tigang at libog na ata.",13,medium
679,manlainlain na porma sa inot na chapbook ni Eilyn L. Nidea na pangaturogan garung mga,15,medium
680,super traffic talaga subago pag pa Nabua namo tapos deretso kami Pili traffic din,14,medium
681,lesson learned nayan ta kin kada rumarakop iipitan udana man kikitaon nagsayang sana kapagalan,14,medium
682,mga kabataan pgasa ng byan daw eg ee mga psakit kmo sa bayan. kht magulang,15,medium
683,"sadto uma, ultimong libangan, su radyong de pila, gabi ng lagim,",11,medium
684,ay tunay nakabayad nayka kin uno gigibuwon nira sa manok na lulutuon na la pinikpikan,15,medium
685,kin migsuspendi tabi an sanang manager bukung pati kaming consumer migsakit kana kasalanan ka manager.,15,medium
686,"Binabaoy man ading Cluster, pwedeng mabayad sa unaan, bitnga o uriyan ka sasaritaon.",13,medium
687,agg mn ngani cctv dman sna marakup ah ng taban ka bike uda mn sna,15,medium
688,"takin arug kan a gigibowon, pomopotok a anit, maoola a alak sagkud mararaut a bubutangan.",15,medium
689,intirong inaabagat. 2 grabe man po kamo Pnp da gayud kaya an pang Zams basang.,15,medium
690,Diri ko pigtuyu na isturbun a pagturug mo . Uda ako maraut na pigiisip.,14,medium
691,"pagabot sadto, dinara kanya ko nagkapirang tawo so usad na paralisadong nakabatang.",12,medium
692,sa kakasurat ki sec. Bello na buksan ulit su agency dawa kmi ordinaryo na tawo,15,medium
693,"pormidyo kade report, talagang plano na guranon so victim, murder po,",11,medium
694,"yan ang sala saindong mga kandidato, ugwa palan anomalya tano dai nindo kinasuhan",13,medium
695,Kinagat ku maiisug na mga sirum su bit duk kadi,10,medium
696,guranun aigin kaya melas si Jases eae ntn iinoli so magina niya sadto Israel.,14,medium
697,"Salamat sa Diyos ka preskong angin, Ka mga ayup, burak, kakahuyan, sa ngamin.",13,medium
698,congrats saimo kabayan ! kng sisay ka man sana padabaon mo ang swerte na nkuha,15,medium
699,Inubos niyang kinaon su dulsi pagubanuban nagkulog su ngipon niya.,10,medium
700,pinalabos nindang maka-agi a pula dilaw orange na silaw pati berde man alagad buko so asul!,16,long
701,sa masasamang loob. wag ing retro active... hindi ung kung kuno dana saka ing. di,15,medium
702,"desisyon na base sa kagustuwan na mapakaray a buway, kaya inaalalayan ka kanatong konsensya.",14,medium
703,A mga saritang inituman o highlighted binanaoy tang magkatugma o rima.,11,medium
704,"nakakawili wili tukawan posisyon for mayor acting ming kuta cya,",10,medium
705,bistado niya 'ding raga ag dakol iyang ising istorya arog ni pukuapuon mo,13,medium
706,Halimbawa Ibutang a satuung kamut sa walang parte ka ruruggan kin kinakanta a Lupang Hinirang.,15,medium
707,omg .. ranow baga ay. ingat tabi kamo. ta migluwasan siton so mga nagruluwasan,14,medium
708,Nakakaribok a Drum saka Lyre Corps kin nagpaparada.,8,medium
709,kadakol kaan digde samo kang sarong simana nagkoa kami kang pulot grabi si,13,medium
710,lalo na kung gab e inayko bagana naglamyerda a sulo on and off..,13,medium
711,bertdey alduw ka pagkamundag nagsilibrar nagdiwang nasorpresa namuya partidaryus mga pinsanpagiiba,11,medium
712,pig-unga ko si Iyay kin agko orasyon na pwede 'kong gibuwon na tunay na babayi,15,medium
713,tanum Prefix amu adi a panlaping ginagamit o itinutugbung sa unahan ka salitang ugat.,14,medium
714,masiram pula pormal sadit ababa maurut maiwas maribuk kurung,9,medium
715,pagkakakan m Juan naispan miyang maghabs na para mangus nin,10,medium
716,"napanood ko ang sunog kagabi sa Baao , nakakalungkot sa mga nasunugan , d ako",15,medium
717,Pauno nasunod ni Cecilia ag Jun su itinutturo ni Tatay kin unung gigibon sa basura,15,medium
718,"Pagluug ko sa eskwelan, Pirm i kong daradara mal inig na panyo, pampunas sa bagut.",15,medium
719,Baaoenos may drang tbng. ang iba ngani nagdyan ing magintriga o magpicture pra,13,medium
720,mapatatawa man pati si Mamee tapos mapangingisi ag mapapatawa si Mamee pag nagkakanta si 'anay,15,medium
721,Paborito niyang isupung a asul niyang tsinelas ag rosang badu habang nagtutugtog ka piano,14,medium
722,"406 320. dinaog nin 5,098 boto. summary kun dae kutana natambakan sa Lriga City si",15,medium
723,agoyy dili kana mapasko kaupod pamilya mo kaluoy mo man mapinit man pati ngiyan,14,medium
724,naglabos an sunabgo maagahon sa atubangan kan harong mi sa Cbanbanan hale cinra,13,medium
725,lolo pinalayug matikdul makusug gayo nuyug buradul naulug,8,medium
726,"biglang nagdalan so manga kababaktinansadto ampas, doroderetso sadto ranuw sagkud nagkalulumus.",11,medium
727,ikurahaw asin ibalangibog pa pag asenso mahihiling na magogma asin pasalamatan ta ...,13,medium
728,naiaapply sa sadiri nira aa pinagadala nira. kintana nagiging ihemplo,10,medium
729,Ebalwasyon Piliun a letra na pwede pang maging pamagat ka lambang teksto.,12,medium
730,patawara Santisima Trinidad maraot na sa ttrabawo ana mga kamot ag samingkil intiro,13,medium
731,mala kmi kan Sabado hanngang banggi mayong power supply apod s hot line cge ing,15,medium
732,malaka familiar ka middle name mo Portugal kadakol Portugal sa bray San Jose Nabua.,14,medium
733,"istasyon, nakakapot sadi kaputan, naiinganyo man ku paglunad,",8,medium
734,"baka amo yan su naglunad sa jeep galin Baao paiyan Pili, ngparapangapulas legs ko mga",15,medium
735,grabing kulog pag nakagat ka kan ligwan sagkod na kalinturahon ka sa kulog,13,medium
736,buti nakailag si ate. natouch kuta so boray nina nya yudipuga.,11,medium
737,"Photo credit Usad na alduw, kinabisara ni rumaragang manok su kanyang mga siwsiw.",13,medium
738,masing ata man na nagpupuon pa sanako kabarato na pati ka Slp ai na kita.,15,medium
739,duhduh duh Dido duh.. duh duh damulag wuh wuh wuh Waldo wuh.,12,medium
740,momotor dibali maloway ana dalagan kng motor u basta makaabot kmo bohay sa,13,medium
741,Analyn Nacario orootro ko pati si natusok ang lubot wagahahaga,10,medium
742,gud job! higpit pa more pra mayo na makalusot. mga pasaway na yan..,13,medium
743,an ilawan sa barailihan Petromax asin Coleman. radiophono sana pwerte na an irikid ikid man.,15,medium
744,pagkakataon. kudos lo sana d nayka makaluwas siton.,8,medium
745,sowss marsep padigdiha daw yan babae ta i counseling baka natrauma herak man pm,14,medium
746,nagsuksukan sira ngamin sadto usad na puro ku lauman labing ako sadto man balyong puro,15,medium
747,kompleto pati oragon mka search mn rw kdi nganing dna mpagal s tuturo kdi mga,15,medium
748,idunno kung pulis ba tlga yan ano. mga maung konsensya maung puso!,12,medium
749,"pagkauda kadtong babaye, namangno ku igin na ginakulo su bato.",10,medium
750,"A mga sasaritaun na naglaladawan ginagamit sa paglaladawan laladawan sa tawu, bagay, ayup o lugar.",15,medium
751,seram po kaan miseat na po haloy na dae aq nakauli samuya ..,13,medium
752,dapat kayan ibalad sa aldaw in apat na oras min mayong sulot na bado,14,medium
753,Matuud ta agko ngani naudang kabayo sadtu luyung baryu.,9,medium
754,"Pasalaysay o Paturol pangungusap na naglaladawan, nagsasabi sa impormasyon o nagiistorya sa pangyayari.",13,medium
755,agko pinakamabuot na mata. a luwa a mugbubo ka naluyos na kamuyan sa puso ta.,15,medium
756,"su buros sa buyo, pinayran sa menthol ointment, maray na.",10,medium
757,A pagsakoy isinunud sa fluvial procession ki Inang Peafrancia sa syudad ka Naga.,13,medium
758,Manila atubangan mamuya pirmi luwayluway diri basang makusug masiram matamis minsan bihira arualduw,13,medium
759,bana siram kan kapeng bagas tas igwa kpang kamote o kamoteng kahoy siram sana,14,medium
760,"Nagbabasa sa libro si, sira Mica, Zoren saka Lala.",9,medium
761,"Ikarwa, kumuku sa tulung lemunsito, bangaun saka pugaun sa luog ka baso.",12,medium
762,mega pinggan na Tsina nagtuturo ha sa patitian,8,medium
763,"kin mudto, weyter kami ni nanay Sula. inuusay namo a mga baso, plato",13,medium
764,"laka dipisil kini, alagad nagogma baga kita ngamin, sabi ni Tina.",11,medium
765,uda na kita kan kararayaan kin ibabalik pa sito gobyerno si Duterte! makarurunggal,13,medium
766,"iba na tlg mga kabataan nguwan,, rebok na perme ah anap...",11,medium
767,yan magbarago na kta tanganing maguswag na ining bansa ta kada maeleksyon arog,13,medium
768,pero kin ordinaryong tao lalo qng pobre tg siwalat na a ngaran ska picture..,14,medium
769,Butangan sa tamang affixes a lambang rootword base sa itinaong bagong kahulugan ka sasaritaon,14,medium
770,"kaso aprobado kan Lgu and Denr, cgurado may bendisyon, ipon sa resources madali na baga",15,medium
771,"mas mkunswelo kun an pigaagihan may sementeryo, lintian na paralapag sa tinampo.",12,medium
772,abong bayaan ni iraga su sumagang. makusog a buot niya na makabubuway iya sa tanom.,15,medium
773,kaya abo ako. ya ano di ako nagintnd. paasuhan ko baga yo akos,13,medium
774,a nagpupugol nakabado ikang tafetta na agko pligis na palda na magayon,12,medium
775,mabalos po kami po natawan man kan sapon maski mga tinapay mga nantatao,13,medium
776,"aldow gabi, gabi aldow, saka taas baba sirang nagparaanap.",9,medium
777,Buntol magliagi a bauu samantalang matandus a kabayo.,8,medium
778,"muya ko na tawan sa usad pang pagkakataon na makadulag ading manok, paimati ni Mboza.",15,medium
779,bat ibang klaseng bunga asin iginasgos nia sa puro kang sung.,11,medium
780,"dawa luway anggan punok sanang innaangin, nakatakot pananggad su hade.",10,medium
781,"nalabusan ko pa adi sugabe na tinatawan sa first aid, saka inilunad sa ambulansiya. irak",15,medium
782,amo di sugab e grabe kaya alnas ta mauran sus marsep...,11,medium
783,Katawan ng Liham parti ka surat na naglalaman ka mensahe o dahilan ka pagsurat.,14,medium
784,an tundig na hali dini o kapareho sini.,8,medium
785,"Tabagwang saka pisipis. Duwa sa pinakapaborito kan mga Bikolano simple, lokal, asin masiram",13,medium
786,paki iray naman tabi tah babayad man kami sa tama migputol ura urada peo serbisyo.,15,medium
787,mga kaabnormalan na pgiisip.. rakpon ninyo mgkaholding hands na buko mn mgkauno uno..,13,medium
788,"niya. kaya sadi, si Mia bilang parausip ag parasurat, nagi?",10,medium
789,"wow! pinangat c manay Abing ko masiramon mg luto kaiyan,",10,medium
790,nakatulog ng maayos sabi nga manakawan ka na hwag ing masunugan.,11,medium
791,kadaklan sa mga aki ngunian bagulbulon nang maray dae na nagdadangog sa mga magurang.,14,medium
792,gunting buyud suman guyud pating lugaw rira .,8,medium
793,Biglang nagisung si Elijah sa makusug na tunog na narungug,10,medium
794,"bituon na parasaklolo, nya, liwanagi man adi alangalang",8,medium
795,pala pakatapos pigpurbaran kong magbalik utro sadto gibo ko dati pero diri ko na kaya,15,medium
796,Pagkarungog ku sinabi ni Lottie grabe su kasusupgan niya ki Rosas De Ayito,13,medium
797,tighalat q ngani kung nuarin na daw.. masyadong exciting eepoo,10,medium
798,irak man aii 4 .. ingat po kc lagi sa pag drive dri magpara kaskasiro tah aksidenti,17,long
799,nkakatakot na po bga sana mga kapulisan maging alerto mna po sana dkol na mga,15,medium
800,"masiram yan pagluto sa niyog tapos sopsopon mo mtugas so arikorong,? tanga!",12,medium
801,pwede bang mainpormaran a mga consomedores kon uno a contents kana board resolustion,13,medium
802,nkakaraot kmu sa imahi kan mga tultol na pulis dapat saindo padusahan man.,13,medium
803,A tag uran nagpupuun sa Hulyo dangan migtapus sa uring semana ka Nobyembre,13,medium
804,amu mandi Baao mga dri napondo kading pag tinda shabu dri pa jaday naubos dakol,15,medium
805,congratulations kaninyo. pagyamanin po ninyo so blessings na itinao kaninyo ni God.,12,medium
806,"alagad, sinasabi ko kaninyo, nongka kamong manompa kin kamo nanonoga.",10,medium
807,"ohh talaga gabos2 na iyan inagehan ming gayo magani gamit gata sna, tpos maginik,",14,medium
808,"laka mga uneducated .. sa mismong atubangan pa ka groto , mga da respeto .",15,medium
809,"kaya nakangabil na so. ngola. nangalas so manga tawo sagkud sinnabi,",11,medium
810,Iya a nagtututturo kanamong magbasa saka magsurat. . Ibinakal ako ni Lola Minda sa krayola.,15,medium
811,inayko dina kamo nagkasusupog. kung gusto nio sumikat sa maray na pa agi buko yana,15,medium
812,nagsilong iya utro ki nana Kuring na naglili para daliang ngumisi kanya,12,medium
813,masugsog trumabawo pero lang makaiinom na minsan nauuna kong mas alak iya kaysa laman.,14,medium
814,"Maray man nanggad magbisikleta sadi plasa, alagad kaipuwan mong maglikay, parumrom ni Glen ki Brendo.",15,medium
815,nangisnit na! dri lugod napaturog kin tultol. a maray kiton ibaba ninyo a rate sa,15,medium
816,Direksyon Anapun sa luug ka kawun a tambalang salita tanganing mabilog a ideya ka pangungusap.,15,medium
817,pinabayaan ninyo so mga toda ko Manila para magrally para kaninyo... selfish na maray,14,medium
818,Nagpapasalamat po ako sa Mahal na Diyos sa biyayang matawan sa pagkakaton makapagserbi sadi Rinconada.,15,medium
819,su mga kangayamon niya dapat diri maggalin sadto kawoy sabi ku mga kurupos na tawo,15,medium
820,Iwasan a pagkarapapirut saka magpalabus sa pagkakaun tanganing makusug a resistensya,11,medium
821,agko barita na naabtan kunong nakabitay sapuon ku mangga si apay ku gakod ka tabon.,15,medium
822,"biswal na artista, ag tagabusol ka ngangabilon na bikolnon.",9,medium
823,"pig-aadalan man niya a mga graphic art ni Fernando Zbel poon pa ku 2019,",14,medium
824,"Tandaan Mo Ibaiba a katangian, paguugali saka pagmati o emosyon a lambang tauhan sa istorya.",15,medium
825,"pangatorogan, dinnagos sira sadto Galilea, sagkud innistar sadto banwaan na Binabaoynanazaret.",11,medium
826,Ulaton na makatapos a nagsasarita bago ka magtao sa reaksyon o opinyon.,12,medium
827,Pasensya na po diri ko man tinutuyung mauda su sintabung ibabakal sa papel.,13,medium
828,sus puros man lang po yan kahambogan papara taram ni Andaya,11,medium
829,Ulat nguna simbag ni Kalbo dali dali iyang kinnuko sa dakulong sanga.,12,medium
830,parokya namu maassign baka po makalampas na ako sa langit ta urualdow ako simba!,14,medium
831,eskwela Panimulang pagsubok Nagiyan su pamilya sadtu baluy nira Lola Anita saka Lolo Andoy.,14,medium
832,ik apod samo kaan sa tido gabos yn inagihan q sanlagon pag tag uran tapos,15,medium
833,"... di magpapark sa katapat ka gate, mapa baloy man o establishment. just saying poe",15,medium
834,"C. Tate, usad na paratutturo sa pampublikong eskwelan, ku Pebrero 1973.",11,medium
835,"nakaistar si Kathleen R. Tomenio sa St. Philip, Buluang, Baao, Camarines Sur.",12,medium
836,"20 mantang nagaagi sira, sinnonod'kanya so usad na babayi na doseng taon nang pigpapararogo.",14,medium
837,"Nene mga nono sdto baloy ninyo, magsapna.. manigid sa natad nganing agko basang pakinabang,",14,medium
838,digdi nagin mga fellow sa Saringsing writers workshop na ika sampulong taon,12,medium
839,maray pa lugod kiton ngaranan na sana a mga tinatamaan ka helang na iton para,15,medium
840,"diri na miguban mga ngod, migtios saka migalop kita sadi.",10,medium
841,"kabayong driver an ka van, ikang dimungkog ika ah mabayad ko sna ka ta ,",15,medium
842,"kun uda, bagana sinda su mga disipulos ni Hesus na nagtibwasan ku sya rakupon. .",15,medium
843,"may nakagirumdom ngaya sa imo. tapos mataram ki numero, halimbawa, no. 8 ngaya,",13,medium
844,"kin nagsimba kamo edi sana nabawasan pa kasalanan ninyo, well deserved",11,medium
845,"nata kaya kunu 1k sana, kulang daw kunu yan kanda hahatsk tsk.. erak man ay,",15,medium
846,"biglang nagsabi sa makusug so darwang lalaki, ono a pakilabut mo kanamu, igin ka Diyos?",15,medium
847,pauno palan ken agqu nangyare kanda maraot sorry ag thank you,11,medium
848,nabayad ninyo nangyari sa Ortigas? nagcrack na su road oda na lamansa irarum...,13,medium
849,dapat nyan putulan ng payo sa baba garo bako 20 yrs old an,13,medium
850,"Mayna na amigang Bokbok, magkaun na kita, dadara ni Toti Kalapati sa amiga niya.",14,medium
851,antabay po sagcod pacencia ta mawot ta man ngamen a marhay y seguridad na serbisyo.,15,medium
852,"Bago kami naguli, ipinasyar niya kami sadtu tanuman niya sa mga gugulayun saka prutas.",14,medium
853,maugmahon kaito ang buhay kan kaakian maparigos sa salog dagos madakop buyod,12,medium
854,"tauno qnq nangana so , gsto niniong mangana , mauuda rw ah pag uran ska pag baha",17,long
855,pigtangad ku igin su nakaukrong niyang payo 'nganing silngan su taludtod ni nana Kuring,14,medium
856,Nakukulangan sige reklamo medyo ka ayuda para kanimo Na diri naitatao sa mas nangangaipo,14,medium
857,"pinaray ni Jesus so sad na paralisado linnonad si Jesus sadto bangka, nagsakuy iya",14,medium
858,sabihon mo deka lang maronong lumangoy kahit balyena ka,9,medium
859,mismo gulping short skirt pants na an narapak sa tukawan na kawayan urog kun,14,medium
860,hoi palooy looy dayon sa nawng ang boang.,8,medium
861,"irakman udna so cntvo pguli udna pang boundery, udpa so sa pamilya.",12,medium
862,unu pa kiton mga padi Anson Joeninn Meo Lrc tumugrok nmn siton pagatubangan,13,medium
863,Agku tulung klase sa katuyuwan a nagsurat o author magimpormarmagtuturu magkumbinsi saka magpamuya,13,medium
864,ku miggagab-i na nag-abot si tata Ulyan 'nganing magtaong onra sadto apuon niya,13,medium
865,namasdan ko su ngamin na mga pasikotsikot ku luog ag su anino ku talinga nya.,15,medium
866,masakit mauda iton prob lalo if mga kababayian kaiba sa raket ta ding gayo pag,15,medium
867,"nagray na kintanang pag basawon kin Tagalog man basang, makasabay kintana.",11,medium
868,dilaan mo putay k makaduterte ika ayopan ika dapat kanimo tigbakon,11,medium
869,Binanga tulos niya sa paryong duag saka itinau na niya ki Jeni su kabanga,14,medium
870,problema sa tao dere tatao magapon sa tamang basurahan... kaya amo nayan dulot,13,medium
871,piglamasa ku ugot su ikog niya sadto tubig na nagpapakaraw-kasaw ag napapaalon,12,medium
872,unang una mga naudaan s trabho asa sa ayuda at relief goods,12,medium
873,Si Emoy usad na mabuut saka masinunud sunud na igin.,10,medium
874,nadiskanso kan musikero wara pa kaitong radio pono didi samo.. Coleman man an,13,medium
875,"pagkatapos magistorya ni titser Precy, nagngayamon sirang luksong baka.",9,medium
876,mnsan dw nriribongan aq dgd s pasada ta Bikolnonrinconada ang caption English,12,medium
877,"Bilang Ngaran Petsa Sadi leksiyon adi, matuturan ninyo a mga saritang binabauy na compound words.",15,medium
878,"wrong audience lang nangyari. kung tamang audience lang sana, meron pa syang",12,medium
879,basta po ako nka antabay na a powerbank plus emergency light plus pamaypay,13,medium
880,pero nagtubod su mga tawo pala agko na uring-uding na naibanan kuno 'ko ku ugot,15,medium
881,"Payaba kong iskwilan Sobrang kalipunguwan, Sa luug onseng bulan Di sang naiiyanan.",12,medium
882,"migkara uno man kita kiton kin bawal na magluwas tas agko pa curfew, daman sana",15,medium
883,irak man magdiet ngani ika magka muscle basang sa gatingay ta ana ibang girls,14,medium
884,sna manlaban kn ing sa mga pulis grbb ka lolo olol k tlg.. hyys!,14,medium
885,pirmi iyang mag-uuno-uno pa'la magpaparakagrat anggan sa mapaas kin a mga bagay-bagay bukong pabor kanya,15,medium
886,"Gulay, prutas saka gatas Agko pa karne, itlog, kanon saka tinapay.",11,medium
887,una ninyo kina astig ninyo ton gibo ninyo buko! pigpapasupog sana ninyo mga kag,14,medium
888,"an apod samuya kaiyan ay pwedeng bungkukan, Bonor o San Fernando. duwang klase",13,medium
889,kaya dire magpara gibong milagro. .. tas d kya panindugan iabandona sa arog kiton. .. d,16,long
890,Parte ka Annual Budget a pagtao sa Cash Assistance sa mga minasunod na .,14,medium
891,di na tabi mamuya ton gibo kiton Casureco! pag lawod cge parong parong ka power,15,medium
892,"Itaptap a mga kamut, ituldu a tiil, ipadyak a tuu, ipadyak a wala.",13,medium
893,Pagkababa niya sa bayabas naagyan niya su tsinelas niya putol na ta pinaggangut ku ayam.,15,medium
894,Naipabakal na Mangga Alduw Lunes Martes Miyerkules Huwebes Biyernes Sabado Dominggo Usad na .,14,medium
895,"Mahilig man si Issa sa itik, agku siya usad na ataman na nginaranan niyang Iyay.",15,medium
896,Naaling iya sa agiagi ta nagkara panlastiku iya sa pili saka bayung.,12,medium
897,Poster Making pagdrowing na agku gustong ipaabut na mensahe.,9,medium
898,makuang tulya kaya tabaguang sagkud pako masiram lutuon peo ngunya hidap ng,12,medium
899,dapat tigtigbas munalang.. mahalun ang bala ngunyan..,7,short
900,baku kamo mga lamadang na iniyo pag nagprotesta mga frontliners nganga kamo,12,medium
901,"adi nageengganyar saka nagsusuporta sa pagligwat sa ibang saritaon kading librong adi,",12,medium
902,turn table maugma na ang baraylihan hangang maaga na ang tapos,11,medium
903,A igin na malinig sa kanyang awak priming naririgus saka nagiinom sa bitamina,13,medium
904,"ka supog talaga ang ibang Filipino pigtabangan na nanghabon pa, kaherak pirmi ang biktima a",15,medium
905,sa Tabaco Albay tangoy ang apod kaiyan bongkukan sa Oas or Ligao,12,medium
906,Si Shiela na kangayamun niya ka pormal sana sa gilid napasilong sana ka munyika.,14,medium
907,kung nanaban cra nin kanding sa tapayas. ngata hale cra sa Balatan anuyan nanaban,14,medium
908,pa'la kaipuwan kong tusaran ading bok ko uda makakakapot kading crowning glory ko,13,medium
909,"ma, di ko naaanapan si nanay Sula, nagtatangis akong nagsumbong ki mama Lita.",13,medium
910,nakapauli na sindi Muna saka Milan galin sa zoo. namuya sinda ag,12,medium
911,God bless you. k bye magtiktok nalang ako kesa magsayang sa oras kanimo.,13,medium
912,"kinding, nagirarum pa siya, namumurot starfish saka minamaanan sindang ibinabalik paiyan dagat.",12,medium
913,Dakul man na kahubinan a nagsulu sa kandila ku kaaldawan sa pista,12,medium
914,pig-iisip ko man kin gaumno 'di kasanit abang nagsisibog parayo sadto pangpang ku salog,14,medium
915,nagapit sa tindaan ku gas pagkagalin sa doktor.,8,medium
916,"pag-adi nangyari, usad na uyan na paraiso na pwede tang bauyon, Baao.",12,medium
917,so mga nakaula baga mala ta happy happy pa! kita? nganga baga?,12,medium
918,Naisusurat sa usay a letra nakasusunud sa tamang kurit pero a direksiyon ka pagsurat bukung usay.,16,long
919,Bating Pangwakas ini a uring pagbati ka nagsurat ag nagtatapos adi sa kuwit,13,medium
920,Siisay a nagsasarita sa isturyang binasa Magpili sa ritratu saka isurat sa papel a simbag.,15,medium
921,"Una, agku darwang pararakup sa ayup na nagiyan sa kadlagan tanganing manrakop sa leon.",14,medium
922,say raw lugi ka arug ka gibo. amu yn sabi pgpapaklase mgpra buburadol. haha,14,medium
923,Nagpanik iya sadtu talikuran ko damulag anggan sa makaabut sa itaas nagrusrus iya paibaba.,14,medium
924,Nagtataung pagkaon sa paagi ka mga bunga kadi Nagsisirbing istaran ka mga ayup.,13,medium
925,kun pano ako nakakakakan dawa minalaog parati sa isip an buklat na mata kan urig,15,medium
926,"pamilya grupo sa tawu na binibilug ka tatay, nanay, ate, kuya, bunso, lola saka lolo.",15,medium
927,sa panahon nguwan takot na talaga maki suksukan s kadaklan na tawo...,12,medium
928,ginogono mi pg mauran madalion mghinog mga bayawas,8,medium
929,Malinaw na naipapaayag sa paagi ka drowing a detalye saka pangyayari sa istoryang binasa pts.,15,medium
930,nagibong hilingon an naglalanubig na mata kan damulag kataid an natiyanan na bubon,13,medium
931,nagguno ako sadto alad tapos nabayad ko si Kiko na namumubo ku mga pananom.,14,medium
932,pigbawasan ko sana 'di sisters ta matutunow a make-up tabi ka init sadi Los Angeles,15,medium
933,pabalik na si Sarikaw sadto duluhan ku nagpuon si Bagsik na magbatok sa malang kusog.,15,medium
934,"Magsurat sa talata gamit a subject, object saka possessive pronouns.",10,medium
935,"mani, usad na klaseng tulang sinasanlag, nilalaga saka dinudulsi para makaun.",11,medium
936,"Pilar A mga maestra, doktor, pulis, militar saka pulitiko bayani man Pepe Amo po.",14,medium
937,Si Hannah pag nagisturya pirming alsa niya a sadiring bangko diri iya nagpaparaog.,13,medium
938,Kumunsulta tulos sa doktor kin agko sintomas sa ubo anggan sipon,11,medium
939,sain na daw ngunyan digdi sa Bikol makabakal maray na klaseng tabagwang,12,medium
940,galaw galaw. shuta maray kung kamo migexplain sadi mga prof namo. atang laka mga,14,medium
941,"Baitang Kwarter Modyul M ga Tunog, Pagibanun Ta!!",8,medium
942,"dapat kiton patindugon maggapon na nakauba, tas pakanapan sa antak! lintian baga",12,medium
943,sige su ingab-ingab niya labing nagtutuprik su rugo sadto nganga niya nagbubura nag-uuro-uro sa kulog,15,medium
944,ache headache vomitting ag iba pa alagad yan an senyales na nagreact sa lawas an bakuna,16,long
945,kaiba na driver kadalasan pati a mga uv express bgana perming emergency a,13,medium
946,nagtawa sana si Sonny diri kin agko ako kapot 'a bras saka pinta guy,14,medium
947,abo po kuno ku Land Bank gusto nira personal appearance ka mga senior citizen.,14,medium
948,"Di na nakatios si Author saka nagsabing Uy, uno pinagrarabungan ninyo Relaks sana kamo.",14,medium
949,kmi kan isusunod na pambakal kaya paki usip Casureco 3 pakaraya tabi serbisyo.,13,medium
950,omg ka pogi talaga ni father.. patawara kami ama daming taga hanga,12,medium
951,runggun muna saka intindiyon a sinasabi ka nagbibisara bago ika magunga o magsimbag,13,medium
952,Kumusta! Gusto mo nang maisiyan kin pauno nabibilog a mga silaba saka sarita Mayna!,14,medium
953,"Pagkatapos ka parada, dadarawun namu a banderitas sa baloy tanganing diri makaati sa eskwelan.",14,medium
954,A mobile legend o usad na ngayamun gamit a gadget na kinahihiligan ka mga hubenes.,15,medium
955,"nagbatang siya sa kangitngitan, inisip su magagayon na ayup na kairas niya sa baloy.",14,medium
956,akong agin a nigamit nguwan ta uusad sana man kaming banguy ng nanay ko...,14,medium
957,para riding man tabi dri pkauugak kaarani k bloy q sa tinampo dri inaabot.,14,medium
958,sanay kaya iya sa kalakaran na agko pirmi paipit. ona gayod niya,12,medium
959,pero ta uno kaya ninda manipulation uyan na power supply kna kuryente.,12,medium
960,kaninyo ngamin na newly elected Officials ka kanatong barangay Divina Pastora.,11,medium
961,grabe palan siton a service ka Pldt? sadi Alabang unli fiber 200mbps uda basang problema.,15,medium
962,dawa binayadan na permi p dn kaiba. lang uyam! mgswitch na kamu s Dctv,14,medium
963,"adtong arayong lugar, binaoy nirang luyo, ta migluyo sa sapa, bago",11,medium
964,Para maitau a tamang pamagat o titulo kaipuwan munang isiyun a pangunahing diwa ka teksto,15,medium
965,ikahoy iniyo? nahiling niyang may mga kinakanan nin gamgam si bunga.,11,medium
966,Kumusta Isi ko eksayted na ka makatuud ka leksyon ta nguwan Mayna punan ta na,15,medium
967,"koronang nakatutungok a kanyang dara; sa mangitngit na palibot, diri ika maka-inga-inga.",12,medium
968,"Nagngangayamun sa bola sira Rico, Albert, Clark saka Rodel.",9,medium
969,a taba saka protina ka mga gatas winarak a solo marig mailing ta.,13,medium
970,Daina pwding itanom ang pisog naan ta kapa na,9,medium
971,nagtaid manlang daa na magkaturog ta maagnuwon baga.,8,medium
972,nabulabug anta agko gad naguudo sadto kawuy na pinagiistaran nira hahaha,11,medium
973,naku malaking problima yan.. cgurado Alice yan ang nsa Sto Domingo.,11,medium
974,pangiipit nindo sainda karamihan na job order sa munisipyo kang Pili mga,12,medium
975,"Sunod, kinilo niya usadusad su itlog bago ibinutang sa tray ka itlog.",12,medium
976,20 pesos na man ang sarong tiklad samo pero mahibog 2k per hundred,13,medium
977,ginaga na lakad bulan ayos naman baga sabayan pa ning sinapna na batag o kya,15,medium
978,"san na kita magngalas takin, tangata ta bukid na binabaha pa,,",11,medium
979,nagluwas so manok sadto duot sabay naglupad saka nagtugpa sadto taas ku kawoy sa mangga.,15,medium
980,nagrapo si Iyay parani kanako pero si Mommy dearest nagsabing diri diri diri an pagkaputan,15,medium
981,"kinagabiyan, si Ayupan nakipagbayadan ki Maboot, sinabi ko na kanimo na ana lalaking an, maablada.",15,medium
982,Nanggana si Ambo sa raffle promo Milyones a kanyang premyo.,10,medium
983,gusto nirang danay na gibuwon si moradong bognay na usad na maaliwalas na lugar-istaran.,14,medium
984,kaparati pati mau imng ppe na hard hat ang mga trabador kan company.,13,medium
985,"Pag agku namamatian Di ako pinababayaan Itinatau niya mga kaipuwan, Dawa pa mapanus, pirming inaarukan.",15,medium
986,"tomalon raw ika, ta nasosorat, imamanda ka diyos a anyang, manga anghel tanganing ingatan ika,",15,medium
987,Kawoy na Itinanom ni Siso Narra Akasya Palumariya Mahogany,9,medium
988,buot ko raw na magin paratutturo inhenyero abogado nars doktor o padi,12,medium
989,"sa ligwan, ta usad na beses na nakagat, idinalagan sa ospital na nangangapros.",13,medium
990,"klaaaaattt! duguduuuu, duuuumm! biglang nagtunog su langit. dali daling nagbalik si Lilly sadto kwarto niya.",15,medium
991,.. magayon na katuyuwan pero a iba pampulitika agko sana ika kumentar kadi gobyero,14,medium
992,maski uno gad pong internet basta sa Pinas uda kamutangan mapa Globe o Pidt pare,15,medium
993,"Naudit pa si Cristina ki Ate niya, sabay sabi, Katabang sana man si Aling Mameng.",15,medium
994,"katdo daang panahon, igwang lalaki na ang pangaran si Juan.",10,medium
995,Nagutus na mga Burak Liza Lemon Katkat Kim Usad na .,11,medium
996,amo talaga amo rakupon so kagsaderi saka ipisasara sa naman baga yan onoman ta pigrakop,15,medium
997,para po duwang beses an pagbakuna. igwang reaksyon pagkatapos mabakunahan body,11,medium
998,uda kamu pagmalasakit sa mga frontliners!! 2 .. pinapainit niyo bunbunan ko..!,12,medium
999,udang labot sa gubat ka panawon na tao ka lindong ka puon ka santol,14,medium
1000,pig-uulat ko su kaiba ko ku nagsirang ako sadto bintana abang nag-iigop sa iced tea,15,medium
1001,lan San Antonio Remo lalo na kung babakalon sana man limanh delemon,12,medium
1002,Tuklason ta kin pauno kita makapagpartisipar sa mga burubisara usipan o dayalogo,12,medium
1003,2 hours na baga nagbrown out subagong nararamrag nasa kasagsagan sa pagturog.,12,medium
1004,bko man xanang xadi Baao kdakol man xa ibang lugar minxan ngane tga Naga xadi,15,medium
1005,"nagisog nano akos sabi ko, maray nganako nai Rico ya akos",11,medium
1006,Naging sikat a kalunggay buku sanang sa Pilipinas kundi maging sa ibaibang nasyon.,13,medium
1007,magimpormar to inform to instruct magbinsir to persuade magpamuya to entertain .,12,medium
1008,"maraya p kmo,,, buti nga sainyu nandadakip kau kau dn pala pasimuno",12,medium
1009,arog kaini pag malupit ang hiling na may astigmatism. may asterisk hahaha,12,medium
1010,casurico sbi ninyo Jan 23 eh 21 ping ngown. uno mn iton?,12,medium
1011,napaka walang hiya matapos k kupkupin at palamunin ganyan pa gagawin mu,12,medium
1012,"Alimbawa Tawo Frida, Pedro, Ken, Len Ayop upos, kambing, ayam, bayong Lugar Sto.",13,medium
1013,Nagpraktis si bunso sa bayli habang si Ate sa pagtugtug ka gitara,12,medium
1014,sadto gayu ading upod kding pamilya ko. keep safe everyone,10,medium
1015,uno kayang mingyari kung agko leon na umabot para maginom man ku tubig sadto sapa?,15,medium
1016,oda man pruweba ya osad na paginsulto lalo na kin a pinagraraot ana guraan,14,medium
1017,"Si tatay nagkikisamkisam sa pinagsalaksalak na bunga, buyu, tabako saka apug.",11,medium
1018,Rinegaluwan iya ni Ninang Mimi sa makintab na itum na sapatos.,11,medium
1019,laka dakol pa kiton mga sir hehe some of them suv gamit hehe,13,medium
1020,su mga kurupos na tawo nagsabi na mababayad ko yan pag sinnisilung ako sa salming,15,medium
1021,pwedeng kupyahon o arugon sa anu man na paagi na mayo nin maninigong paaram,14,medium
1022,duag kito awak mo. pagtrabaho ngani sa legal. iumpog ko ka sad! muscle ko nya.,15,medium
1023,"paraiso na agko pagpayaba, pagmangno, bukong masamok, maamot, ngamin agko kinakaon, nagtitinabang-tabangan saka agko Dios.",15,medium
1024,Migsabay ika sa parada para ka Nutrition Day Amo siyempre,10,medium
1025,"iba, bako ang sadiri. llaag po tabi ang sadiri sa posisyon kung ano mamamati mo?",15,medium
1026,"puon ku nasulo ading kabanga kong awak, nakalbo na ako, nagkapeklat, saka nagkanos.",13,medium
1027,o kin lalaki ika pa'la naparong ko a bag-ot mo magigin instant-ulam ta nayka kuno,15,medium
1028,Kaipuwan ngamin na pangungusap magkakatabang na mapalutaw a kaisipan na gusting paluwason. !,13,medium
1029,"hanep yan mas dakol pa su nakurap, kesa ku dapat tinaong hazzard pay ..",14,medium
1030,amo po adi so nagpapabakal kanakong cp sabi nabakal ninda 16k tapos benta ninda 6k,15,medium
1031,pag ako naguuli c mama eu pirme padara sa arong ta pamawan ko daa,14,medium
1032,Sinilngan ni Rolly si Tiya Maria na kaamo sa blangko su kanyang lalawgon.,13,medium
1033,"so0 usad man na disipolo niya sinnabi kanya, kagorangnan, togotan mo akong pomaolingona.",13,medium
1034,ay inda raw kaninyo.... agko marakop sa oda mga agkopa nasasati..... naraw baya,13,medium
1035,kasyan iton mga kaarakan kin naglalaba kamo kiton namara pag i senyora,12,medium
1036,condolence po sa family nirapo ko pading pigrerevive pero dana talaga. sige ko,13,medium
1037,"paslo man na! malaka mga gulsok, ayy inda sigurado ka lapa kan ka mga tsismosa!",15,medium
1038,Amold Borito an tangoy unod kan natong iyan linsa an apod.,11,medium
1039,A numerong Roman I saka ginamit para tanda ka pamayung paksa,11,medium
1040,ka patal kaining mataban na ini.. kung nakafm siya dae lamang mabisto.. hehehe,13,medium
1041,chapbook na mabilog sa series na ini pinaparumdom kita ni Irvin Sto. Tomas,13,medium
1042,Mamba Filio ka balwarti mu idol ngraynang pugotan sa Junjun ngani madala mga arog kan,15,medium
1043,Diri pagsuratan saka likayan na magasi o marapak a mga pahina,11,medium
1044,Kwarter Bilang Ngaran Grado ag Seksyon Petsa a kada ritrato o ilustrasyon nagtatau sa impormasyon.,15,medium
1045,nn nairak kiton egin uda man iton pagkasabot. . marsip kaninyo. ...... kintana pinanao na,15,medium
1046,"mga maray sa bokong kanda, ata kadakol na kiton cctv nguan, diri pa mga nararaya,",15,medium
1047,Napabura saka nagpasalamat si Dodi ku ginibong karayan ku manok ag upos,12,medium
1048,"ag usadusad na nagruruluwasan a mga asada, piko, kagkag ag mga sundang na mulmog",14,medium
1049,sa baryo namo sikat a rock music lalo na a Guns N' Roses,13,medium
1050,oktubre 5 martes nalalangkag na ako sa pagulat sadto nakakalay na kulor berde,13,medium
1051,a mga igin na lalaki ka Muerta Caxerex pirming magtutuod sa mga kag-igin nirang babayi,15,medium
1052,"nakabutang sa basket, nakabitin sadto atop na agko yero. alas kuwatro",11,medium
1053,"parabunyag anggan ngowan, a kahadian ka langit pwersan na linuluug ka manga tawong bayolente.",14,medium
1054,Krayterya Nasimbagan ngamin diri nasimbagan diri nasimbagan pataas diri nasimbagan Puntos Nabua West .,14,medium
1055,pagtabang o sakripisyong pagpuyat ag pagpagal halagang 5k lang oh what,11,medium
1056,"pwera biro pagpa communion kung mayong covid, yaon saiya nakalinya gabos liban sa",13,medium
1057,"kinausip ni Maboot si Sarikaw, huben na paraayam, uragon talagay kang paraayam,",12,medium
1058,Gumamit ika sa answer sheet o notebook sa pag simbag ka mga aktibiti.,13,medium
1059,condolence po sa family. sana magkailaw na jan along national highway from Baao to,14,medium
1060,buko man niyang kasalan kasalan adto ku amigo niya sabi ku mga kurupos na tawo,15,medium
1061,A naglalaom hope ginagamit sa minamawot na pwedeng magkamatuod agko pagasa o posibleng mangyari,14,medium
1062,"alagad malumok na katre a sasagkuran ko, baad paman.",9,medium
1063,Isend ki teacher a video Si Rosa saka su Lawa Sinurat ni Melva M. Timado,15,medium
1064,ibun a mga hakbang basi sa pagkakasunodsunod ka mga panuto.,10,medium
1065,Ghie Hosana Raymond Hosana magingat kamo pag magiiyan san Nabua. dakol,11,medium
1066,Magirungug habang binabasa a isturya pagkatapos idruwing mo a posibleng katapusan ka isturyang narungug,14,medium
1067,pa kong anang tubig ga baywang sana pag na-out balance ika pwedi ka malumos.. sa,15,medium
1068,su puso ko ay nangiri sa pang holdap subago,9,medium
1069,adi sinapna q sadi rice cooker ol og na,9,medium
1070,"paguna nira, lirunggun sira ka diyos holi sa maaba nirang pangadyi.",11,medium
1071,Bayadun ta a mga bagay na nabanggit sa isturya sawa sanga sapa santol,13,medium
1072,namiss ko ang buhay ko kaito mula magkaisip ako sarap balikan pagmata ko ang parong,15,medium
1073,"transformer sa sadiring planeta, planetang boss a wifi, pati igin ay.",11,medium
1074,dinalagan na 'di kanya pig-uulbot sadto saru-ngan na nakasukbit su minasbad niya pigwasiwas sadto kawoy,15,medium
1075,"Kuluran sa pula, asul, yellow, lila saka orange.",8,medium
1076,pag abot sa pag adal kulilat mga daing pagkahirak sa magurang kaya kitang magurang,14,medium
1077,kya ang gamit q nguyan karita sana.. mayung disgrasya mayung gasulina...,11,medium
1078,nagrait ako aww abang pig-aapulas ko su kamot ko tinalikod ag kinuripas makaawas sa salog,15,medium
1079,kon may magkoko a bokong bisto badilon tolos. udna dakol na urosipan,12,medium
1080,haha ate Ghenie e. phyr ka ulok ko kd mga comment,11,medium
1081,Sabiyon kin a pansalidang saritaon na agko kurit na ginamit sa pangungusap panusadan o pandakulan,15,medium
1082,Antonyms tuninung maribuk namumuya nagtatawa puti itum ababuw ararum,9,medium
1083,"ganda naman. pero mas lalo akong migbilib sa Iriga kin agko na sadiring hospital,",14,medium
1084,Fiesta usad na dakulung selebrasyon pagrumrum sa importanteng alduw sa kumplianyo ka Patron o lugar.,15,medium
1085,"Ramrag, mudto ag gabi... pildit sanang pildit si Bulet ku kanyang tablet.",12,medium
1086,relate po tlaga kase laking probinsya ako totoo gabos na nabanggit,11,medium
1087,pinarong ko di sagin ag pinapunok a nagbabaraybasay na mga bagay sa kagabiyan.,13,medium
1088,harap harapan sana siton gilid kiton highway uda baga pa mati taga Denr. anyari??,14,medium
1089,Sadi modyul na adi maiisiyan mo kin paunu i classify a pangngaran sa ibaibang kategorya.,15,medium
1090,ako dri ko maliog sa baloy awto ko ta nagpark sa atubangan gate ko mismo,15,medium
1091,"ginulat mi subanggi langka' may bangot sardinas puerte po bga so karaonan,",12,medium
1092,nipa house pero mamuya presko. da problema sa tubig kc burabod. man.,12,medium
1093,Direksyon Pagkabitun a collective noun saka a ritratu na nasaluug ka kawun.,12,medium
1094,ata nangaga bebe time sa Omegle tapos Ome Tv naduaan lugod sa internet,13,medium
1095,mala mo na niwang nakagapos ka pa daton kagibohan ngaya kan kalaban ko,13,medium
1096,Next po na business amo po a Flour Dealership for Pancit Bato coming very soon!,15,medium
1097,irak man ata natuturog na si kuya... maray sanang deri man nauno su lalaki... lyan sa,16,long
1098,papasil sanang mga simpton na an...... irak man kiton nagiingua linalaban sa patas,13,medium
1099,ya si mommy dearest na nagrag-os kading alang-alang ninyo alangkaw man maitom ag gwapo,14,medium
1100,Depende ka pagtsek ka maystramaystro Karagdagang Gawain A Maystra ko.,10,medium
1101,"nagirumduman q lugod dati na police at Pdea man sana nagbaradilan.. hahaha,. maski",13,medium
1102,ge ang joyride lang motor nira na piggamit natural na padlagan mn sna.. bakong,14,medium
1103,bagana kya porque suspindido ang gm ng water district ng Baao pinaparalisado pati tubig.,14,medium
1104,"hys jusq lapa ka mga igen, kin nagaanap kamo kan sa trabaho nakatabang pa kamo.",15,medium
1105,Saring karatula label ika miganap kin babakalun su Paborito mong shampoo saka sabon .,14,medium
1106,isay presidente ilaag dyan d na mawawara yan dahil dakulang kwarta yan.. maray kaiyan,14,medium
1107,sabaw kusido na may sibubog na labason so byo nagakurit sa alunan ang alsom,14,medium
1108,Erlie Oj palagadan po bagas na may kolor. arog po kaini.,11,medium
1109,"baga kamo pangharass bayda ta kamo man sna nauntulan, navuking pa logod mga gibo",14,medium
1110,ta. a pagtubod nira kanamo sa markang nakukuko orog pang magbat.,11,medium
1111,"hello, Lilly. sabi ku nakangirit na higante na agko tikmong ngipon.",11,medium
1112,"kabubuwaan, sabihun an kaharaban pati dila na sadiri gusto lapangun",10,medium
1113,Malang buot saka malambing na ayam si Kikoy kaya man kapayaba kanya ni Kikay.,14,medium
1114,"pagdae ngiinit maholas pa kn paroy bgo babayohon, hohoooo pero maoogmahon sna",12,medium
1115,dakol ka kunsumiduris . minsan a nagluluwas matakla. piro mga strikto s bill. pa asikaso,15,medium
1116,anu nangyayare dyan?! watching from Bulacan!!! tango ta ngtakeover c vicemayor??,11,medium
1117,Alimbawa magayun dakulu maibug maiwas matatakutun makolor Maliwanag a sulu sa sala namo.,13,medium
1118,lu baga kami ngani ng sagrap s maawot makua k gulayun buda kahoy,13,medium
1119,gusto niyang magbura saka makaibanan si papa niya magkaagko kaibanan gakuson iya,12,medium
1120,nagrait ako utro ag pigdali ko 'ya diretso sa alinuwnow ku gugom ko,13,medium
1121,Pagbalik ni nanay sibut iyang nagluto sa masiram na pansit guisado saka spaghetti,13,medium
1122,uni makaogma. xnagluto si padi ko tinoktok daa. pinatos si talangka ning dahon ng,14,medium
1123,"Pagugas, pamipi, pagluto, paglimpya, pagdrayb, halos sa ngamin na ginigibu ta kaipuwan a kamut.",14,medium
1124,"a kapay na nagbabaktot ka nakaagi, kadakul, dakul na mga mamundo, mabublay na mga sinarum,",15,medium
1125,tadtina yo opos panik do Santa Krus kuwintas.,8,medium
1126,Alimbawa paha nagkaiinum o kulang sa tubig Paha sinturon laum inaasahan laum Istranded,13,medium
1127,"naguulat kanaku a turob na makanus a atado, mamundo,",9,medium
1128,driving kurtisiya sa tinampo ag kapwa motorista. keep safe sangamino,10,medium
1129,tabagwang masarap. pero pisipis mapaet yung gawing dulo,8,medium
1130,Baydun a halimbawa ka surat sa baba Beltran St Zone Pamuhatan La Purisima Nabua Cam,15,medium
1131,yah uda lugod kami bbtime ngowan bublay hahahahaha pakarayi ninyo,10,medium
1132,"kaipuhan mo malinaw na basong puno sa tubig, gatikot na gatas, posporo",12,medium
1133,"ssabihan ka pa, hala gsto mo onggoy maghinguto saimo?",9,medium
1134,"diri kamo magdara sa kwarta sa kaninyong pitaka, magin sa bolawan, plata o bronse.",14,medium
1135,"Isurat sa dakulung letra kin ini ngaran sa tawu, bagay, lugar , alduw o bulan.",15,medium
1136,"ang sarong leader dae nagpapa dalos dalos sa desisyon, iniisip ang kapakanan kang",13,medium
1137,Kinaun ku ulud su mga dawun ko tanum namong petsay,10,medium
1138,kaceram kaiyan na tabagwang ihalo mo an picepis. nan okoyon mo.. karangsik kaiyan pag,14,medium
1139,ka pogin father siguro pirming puno a simbahan nya God bless po,12,medium
1140,"palain lain sana ton kito kapay iton, kinakapay sana kamo kiton, ilingon ninyo ta si",15,medium
1141,galawgalaw man ngani Denr gamita mana poder na ipinagtao kaninyo,10,medium
1142,mask ngani discconnection dri magpapa ec. maesiyan mna sana agko nakababayaran na disconnection fee....,14,medium
1143,pirmi 'ding mig-irungog ag mig-intindi kanimo sabi ni nana Kuring pa'la binayaan niya ding solo,15,medium
1144,aw iyo! sigi daw pabakal ako kan doma!,8,medium
1145,"kauyaman ninyo C3, atang nagkikiskis ko nyog sadi centro bigla sana paparong... uda",13,medium
1146,Namumuya ako ta natapos mo su mga pagsasanay.,8,medium
1147,nag-angos si padre Bobby napundo na su kubog-kubog tinnindog pa'la ginalin na,12,medium
1148,lala Maricel agko kaya ibang tawo pag nakamamati sa gatol uda prenow,12,medium
1149,kusog la bubuton ni kuya aiii. narakop logud ika...,9,medium
1150,arog ka mga gamot ginibo nira ding raga na istaran ka kanda paginguwa pala tiil.,15,medium
1151,"a langit kulay asul Taguan, Sinuludan saka Tumbang Preso.",9,medium
1152,"Nay, unu po a linuluto mo, unga ni Onin pakatapos magbisa.",11,medium
1153,nagpabayad ki Jose sa pangatorogan a anghel kas kagorangnan mantang 'sadto lya Egipto,13,medium
1154,"an lalaking ayam may katugdan na maghanap, maglakbay kun kaipuhan, tanganing hanapon an saiyang sasagbatan.",15,medium
1155,dae kamo pakaribuk ta maluto kami nin papaitan dae kamo maghagad ta karibuk nindu,14,medium
1156,"sagkud a siisay man na magtonglon sa ngod niya, mimmilegrong mapadosan sadto kalayo ka impiyerno.",15,medium
1157,"nagmamawot na ipadagus an pagpublikar nin mga rawitdawit, usipon, saysay,",10,medium
1158,pag agko natitigbak na two paluluwason sna Covid pra agko sira issue maibareta sa publiko.,15,medium
1159,sabi ni Mary dakol sadi si ina'ng mga nauudang dinulag ag di' na sira makauli,15,medium
1160,Biglang nagdulag su babu ta narisa tulus niya su pag abut ko upus.,13,medium
1161,"poon kadto, pinnoon si Jesus na mangadal, pagsulsulan ninyo sagkud talikokoran amang a kasalan ninyo,",15,medium
1162,"deffensive driving is a must, dawa pa yan big bike, pwede man yan padalaganun sa",15,medium
1163,"Magbabarkada Tunay na magbabarkada sira Ella, Joan saka Sabel.",9,medium
1164,"busol sa kaipuwan kading bersong pambungad ag prostera ka lambang sinurat ko,",12,medium
1165,rnasult yo balay ya palasyo do kadagatan. nasult yo tinampo,10,medium
1166,ini ang maurag na paraffle dakulang tabang ini da may naghihingagdan na kapamilya hehe,14,medium
1167,Layunin Talasalitaan Baybayun gilid sa dagat Tunog Letra narurungug gamit a kanatong talinga.,13,medium
1168,ayupan hahahaha nagra rank ako sugabi ehhh hahahahahhaa,8,medium
1169,"grabeng pangangaipo, ana balik ka karma ag kamalasan ka nanaban kan mas jamas pa.",14,medium
1170,"sa politica dapat pirmeng totok, kadakol nababakal kan kwarta, minabaligtad.",10,medium
1171,kin buong Rinconada magkakausad pagbisaranan na balyuwan sa ibang legit na operator kin agko,14,medium
1172,Prefix rinurugang sa unaan ka root word nganing makagibu sa bagong saritaun.,12,medium
1173,Pamuhatan bating panimula katawan ng liham bating pangwakas saka lagda a limang parte kadi,14,medium
1174,"maottooooo. diri ngani kami nadara kanimo ku 2016 , nuwan pa raw? hahahahah",13,medium
1175,kami ay maogma talaga lalo na pag pantomena ang togtog tango salsa ay maogmahon ang,15,medium
1176,"Nagkundisyun su magbabarkadang Migo, Ana saka Pina na marigus sa sapa.",11,medium
1177,"Bago kita paiyan sa sunod na gibuwon, migkaagko nguna kamo ngayamon, patukuran o guessing game.",15,medium
1178,shoutout sa mga magjowa na ldr tapos nagiiwal ngunyan. dae makasuyo toltol,12,medium
1179,Perming tawban a urong saka ngungo pag migubo saka migatching.,10,medium
1180,kaiba ko kuyan kdto ni lola Memeng. nagselong prosesyon. nsa gilid km kya. nbayad,14,medium
1181,dapat tanggalin na yan s pagkapulis para magausa din cla habang buhay soprang,13,medium
1182,igot su blusa na agko kwelyong puntas na puti na agko mga sasadit na lubot.,15,medium
1183,pigsilngan ko su gasi kong pantalon ag lubad na bado grunge adi,12,medium
1184,rubber shoes apin sa tiil sapatos uma tatamnan sa mga paruy saka gulay,13,medium
1185,unta ngpquuno na raw iton siton nabua.. siton na palan nagbibirik birik iton mga badilan,15,medium
1186,buko gayud kontento ka otob niya gusto gad su magsusuka suka iya,12,medium
1187,dalidaling pigbaba ni Maboot si Tarok na diri naguban sinilngan iya saka pinnirong.,13,medium
1188,Masiram na french fries o kaya plastic bag naagko ngaran ka mall,12,medium
1189,pigtuod na magtaram sa laog kan mapapasit asin mababawang abandonadong sinehan.,11,medium
1190,"ginagamitan sa time signal na subago, sapon, ku usad na aldow, ku nakalipas na taon.",15,medium
1191,"piro, dawa uda tugon ku pagukag ka taludtod ni apay, sunod sunuran si Sarina.",14,medium
1192,Kaya sabiyan mo man sira May Abing saka Pay Nardo para makapalista man sira.,14,medium
1193,"amo di pinakasadit ka pinakadakulong mga burak sa interong kinaban, sabi ko burubata.",13,medium
1194,lirakman k ate... 68 severely injured... pamaray po ika a. aa,11,medium
1195,"Adto man na alcohol suyan lamesa Pampuksa sa germs man adto, ag siguradong mabisa!",14,medium
1196,"ka uda ugali, atah nagkakaon ako bigla nauda kuryente, maray sana talong so isura",14,medium
1197,su igin nakatangad sadto bintana ku lumang baloy sadto nakasaradong bintanang kapis pala nagsilong kanya,15,medium
1198,Bahrain ugmahon aq at igwa man plan kako Marie biscuit d2.,11,medium
1199,"Pagkatapos, diretsong nagagi paiyan sadtu paun su leon pagluwas sadtu istaran.",11,medium
1200,Pinaduag Not for Sale iya ka kaniyang mga kagigin na magalang saka tattaung makiiba.,14,medium
1201,"agko sira daradara, ta pagnagpaisi na sira miggalin na, bagana iya lumigid, sumulod na kanda.",15,medium
1202,ku gab-ing adto inunga man niya 'ko lady boy will you be my girlfriend,14,medium
1203,"alagad, tibaad huli sa pambabaying natura kan 'kirag' linikayan ining gamiton kan mga lalaki.",14,medium
1204,nakasaru ka ngunyan pero tandaan mo sa maabot na election. we will never forget.,14,medium
1205,sorry no offense meant nagpapahayag lang ng tungkol sa issue na ini.,12,medium
1206,kasiram naman kan mirendalan ibos na kaibahan umuusok na kape kinagod na lobi nan kape,15,medium
1207,"Pautos o Pakiusap pangungusap na nakikiusip, nagtutugal o nagsasabi sa dapat gibuwun.",12,medium
1208,"Agku ini mga klasi o uri, ini a panlunan place, pamanahon pamaraan ag Frequency.",14,medium
1209,A tambalang pangungusap compound sentence binibilog sa darwa o dakol pang sugnay na makapagiisa,14,medium
1210,"sna man po nagsarita 0 magtao man kin report so nakailing dri po mkatakot,,,",14,medium
1211,"regulasyon, komento ni reyna Strawla. narungog ko man na nga",10,medium
1212,"uda an pakialam gng rukot-rukot qng agq mga virus na makahawa, pabor an kan taning",15,medium
1213,among tuod iyang munyika sa intsik na nakaasag sadto salog ku sala,12,medium
1214,"lunad a tubo pala talbo. ana drayber, tibaad piglalamuda a mainit na panawon,",13,medium
1215,"Lilly. ata uusad. bai sana Lilly, mingitlog man nanggad su pato ta, sabi",13,medium
1216,"ambog yan kan, kon pinaunrahan tlga yn, baad xa magkaayat bawow na kinodkod",13,medium
1217,"buko ngamin na voyadores debuto, a iba pasikat, pasaway sana during ka traslacion.",13,medium
1218,"Habang iya naguulat sa malulunadan, agko biglang nagluwas na magina galin sa loog ka eskwelan.",15,medium
1219,"yugon mo 2,500 pasahe Manila to Bicol kalabos nmn",9,medium
1220,"Bongalonta kaya lumamang nin 6,000 boto si Andaya laban ki Migz V.,",12,medium
1221,pagpagirumdom na an tambubong simbolo ning yaman kan panahon.,9,medium
1222,giliid Petromax ang ilaw pag 12 midnyt may meryenda kami palopsi malagkit na luto sa,15,medium
1223,"kaipuwan tang manlimpya muna, saka kita magtanum sa panibagong kawoy, sabi ni Tina",13,medium
1224,daing kalawang pero itom na tas makapal ang lata..,9,medium
1225,"pakaagi ku baha, nagburutwaan su mga bukal, busay, saka burabod sa",11,medium
1226,Naranasan niyang mangayat sa limos magpabakal sa sampagita ag maturug sa gilid ka tinampu,14,medium
1227,"Sapatos, bag, munyika, mga bado saka ngayamnan su mga natanggap na regalo ni Mara .",15,medium
1228,kin talgang babahaon a Iriga si amang Dios sana kan nakakaisi,11,medium
1229,"Sa pagirungug, isaisip a kasimbagan sa mga ungang siisay, unu, sari, kunu saka taunu.",14,medium
1230,"problema pag uda ika pasahero, or maluya a kinita mo sa maghapon kakatrabaho, mapagal.",14,medium
1231,lalo na pandemya ngoyan. wala po ako kinakampihan na politiko dito. im just neutral,14,medium
1232,"tana abswelto ton pinakaon na, pina turog pa. esus marsep",10,medium
1233,"Sa mga saritaon, mas epektibo tang naipababayad saka naipapaabot a gustong sabiyon sa ibang tawo.",15,medium
1234,agsunod sa direksiyon o instruksyon nakatatabang tanganing magibu mo sa tama a ipinagigibu kanimo.,14,medium
1235,Pamisara sa Kagigin o Tagagabay Gabayan a eskwela sa paggibo ka mga gibuwon.,13,medium
1236,Susugon a arrow saka talaon ka tamuldo mo base sa bilang.,11,medium
1237,Isiyun ta a parte ka friendly letter para makatuod ikang magsurat para sa kanimong amiga,15,medium
1238,tabangan si Lina ku assignment niya. nagkakagow sa payong sabi ni Nanoy.,12,medium
1239,an boot mo ay nagkusog na manoy na manaban.. maray baya an ta nasisikmura mo na,16,medium
1240,pa'la nag-aagi na su tiil niya sadto bukal usad na tuninong na sagop ku sapa,15,medium
1241,siggid linagusan o inalinan sa lukuy galin sa dawun sa nuyug.,11,medium
1242,"kayang kaya nira magbago sa identity eh, lalo pa nagtestigo c Enrile,,",12,medium
1243,"nagbakal na ngani, nasabihan png patal. di na lugod",9,medium
1244,"wow, justice! aber, tangad raw po tabi sadto madir ni bosing, ipabayad na parehong",14,medium
1245,"naglayog paiyan sa salog, tinnuka kin gatikat na tubig, naglayog pabalik, saka isinigbo sadto kalayo.",15,medium
1246,turakan ninyo. yup yup pa mga dodoy... aot a buway ninyo.. rehab na dapat kiton na mga iton..,18,long
1247,"iu po inabutan ko pa po yan baraylihan ilaw ay Coleman, pero po maogmahon tlga,",15,medium
1248,kesa man kiton stepping stone kintana kinding bawal.,8,medium
1249,iniyow na turingan o kaya tilapia sadi bifian nakapagluluto pa ako pirming nagtitinda,13,medium
1250,uda an karapatan mabohay sa mundo ayupan an... pisti saburay niena niya.,12,medium
1251,mga pilipino. gabos may katuyawan. may gibuhon maray maraot pa nangad giraray sa paghiling kan tawo.,16,long
1252,sira ay talagang mapagsantala ag mapanlinlang. perwesyong kafuerte matood palan talaga.,11,medium
1253,"anro an pero yo bugaybo ko entero nagatindog, nogisog",9,medium
1254,lang erak nanahimik naghahanap buhay sa marangal inarog sana kan.. rest in peace po,14,medium
1255,an etiketa ay magayonon kaso so nakasurat gari wara etiketa.,10,medium
1256,"buko ta uban na'ko na diri nagtaga uli-uli sadi Baao, ta pirmi ko nasa centro",15,medium
1257,"Migirungug sa kanta a klase ni Ginang Tuyay. . Mga Igin, magirungug kita sa kanta.",15,medium
1258,"saradit pa kmi dahil dakul tanim kyan mga parents mi, pero ngonyan mau na, binabakal",15,medium
1259,tinnubo na su tubig binhi! agko na tubig sadto lubot ku ragang dinugkal ninyo!,14,medium
1260,ang dami na pong naapektuhan na palay... ako nasa booting stage na...... oh Lord please,15,medium
1261,na... dipa tapos baoyon maliksing nagrapo si Nanoy ki mama niya.,11,medium
1262,"sagkud kamong manga tagacapernaum, gosto ninyong itaas a sadiri ninyo anggan sadto langit?",13,medium
1263,hay jusko dawa onong ibutang na warning cton hiway iyan sa dre mn bsang iintindiyon,15,medium
1264,baka agku situn nagbasing tapos sinubsuban nadamay itun na tower or tinuyong kastan na subsuban.,15,medium
1265,pag mala 'kong buot pangangayamnon niya 'ko ku psp saka ku sadit-sadit na skateboard niya,15,medium
1266,pero kadto 'ko nakakuko sa ideya na tawan ana bird ni ex-jowa ka trangkaso,14,medium
1267,"uda basang nakaka solve kan na taga Casureco Ill, eversince the world begun",13,medium
1268,Lando saka Jerimiah a nakatuka na maglimpya sadto Chapel.,9,medium
1269,Sabi nira Nora Carl saka Mercy kususapon miki birthday kuno ki Rosa nguwan,13,medium
1270,uda man nagrugop na magsagob tubig inasa sa bombero na isalba su house,13,medium
1271,Idruwing saka kuluran a mga gibu mo urualduw puun pagkagisung hanggang magiskwila.,12,medium
1272,A Biboy Banuy Bebot Bitoy saka si Bino mga ngaran na nagpupuun sa letrang B,15,medium
1273,"Naginum, Nagiinum, Miginum si Marimar sa masustansyang gatas arualduw.",9,medium
1274,"alalangkaw sa likod ninda, usad na bulod na natatawban kin cogon",11,medium
1275,si lraga sana a nakaantos sadto pinakataas ka Asog. tinnangad tulos,11,medium
1276,dakol na ang nagagadan because of Covid and arog kyang sistema kang mga kapulisan kuno,15,medium
1277,manlupig handa muna saimo atotan tah cgurado yan sa kulongan. kung bako maluwas kang gadan.,15,medium
1278,hayyy kaya balyo na kamu s ibang net try nuo po s Dctv net.,14,medium
1279,bka gusto mo ning magmadre hahaha Angelica Joy Devera Veras,10,medium
1280,"good morning titser, sabay na simbag nira manoy Nilo, manoy Pilo, saka ni manay Lina.",15,medium
1281,pirmi na dawa harayuon pigdumanan mi mkabayli sana dara mi butong na may mitsa.,14,medium
1282,pa'la pinabayaan naman sana nira 'ko ta normal man ako uda man ipinagkaiba sa iba,15,medium
1283,gusnab nyka nka isip pang magrape ka manyakis mo man ayyyy puguton c Pedro,14,medium
1284,rawit ni Froy P. Berafia sa inulogulog na puso. maisog an saiyang Rinconada,13,medium
1285,Gamitun man a dadakulung letra ka alpabeto para sa supporting details.,11,medium
1286,Pero diri nagirungug si Sandro sinuway pa nanggad niya su tugun ni Nanay Sisa,14,medium
1287,"reading without comprehension gad su driver. aba nang di mabayad su nakasurat, sadto gate.",14,medium
1288,sa Sta. Lucia nabaha po grabeng a baha. uda po ngaalalay ko mgagtawid pauli sdto baloy ko,17,long
1289,an mga senior citizens ay target kaya ta maluya luya na.,11,medium
1290,"alas sais impunto, nakapanggabi na, uda ibang marurungog, riwit",9,medium
1291,ultimo na namung ading pagkubkub. kindi su natawban sa gabing kuko natakras sa kalamnan,14,medium
1292,Gawain sa pagkatuto a bertdey ni Mara nagsilibrar ku stock photo ikapitong bertdey si Mara.,15,medium
1293,"umulmong ka sana daw, sige mo na sana an kakabalawbagaw, baga pigsilihan an lus'bt mo.",15,medium
1294,"kin apon, nagigin kaming paramangno sa itik ni nanay Sula. inililibot",11,medium
1295,must to make move mga leader tabi magisip solusyon ka problema bokong poro sana,14,medium
1296,Kinnuku si Nanay sa bulung kaya naray su kulug ko ngipun niya.,12,medium
1297,amo ton gusto mo madaling kumita bagsak mo rehas na bakal magpapasko ka jan,14,medium
1298,igin na lalaki na a edad darwang taon pababa sadto Betlehem sagkud manga kaaraning logar kadi.,16,long
1299,"Setyembre 12, Domingo lang daling nagdakulo ku ulod",8,medium
1300,baga yan may puti na maseramon na pangberdura sa pata. tapos idtong nagrorosa,13,medium
1301,"Nguwan, balikan ta su ginibo tang mga pagiinsayo Unu, a pagsunod sa direksyon, importante Maray!",15,medium
1302,"kwak, kwak, kwak! bura ni Maggy abang sadto iya palad ku matabang higante.",13,medium
1303,Sinisimbagan kadi a ungang paunu. Agku adi tulung antas sa pagkukumpara o degrees of comparison .,16,long
1304,Comparative Degree nagkukumpara sa darwang iwag o aksyon.,8,medium
1305,uban na yan na issue kiton ka Casureco 3 uda pagbabago. suya.,12,medium
1306,pkidali dli mn tabi ta lowbt na cp ned ng ilaw dn.. salmt,13,medium
1307,Consonant Blend a baoy sa magkasunod na katinig sa usad na pantig.,12,medium
1308,"Nagbuut mo na talaga, namumuyang sabi ni Bokbok Manok.",9,medium
1309,dati na may naaksidente dyan?? under construction ang area and dapat meron mga,13,medium
1310,"girl is always a girl, arug man talaga kan mga babaye charreg",12,medium
1311,"Pinakamatibay Kin nabasa saka naituldu mo su pamagat, nagsurat, saka nagdruwing ka isturya.",13,medium
1312,"mga klasi kan natung katnga sa Rinconada... balitaka, kinsol, morado asen iba",12,medium
1313,Editorial Page parte ka peryudiko na tinutugutan a mga parasurat na magtau ka kendang opinyon,15,medium
1314,baad kin kunong agua de Mayo migbalik ako ag 'baad kan mapatawad mo na 'ko,15,medium
1315,"Magtap tap sa tulu, pumadyak sa tulo, magsabi sa Yehey! .",11,medium
1316,"Mga igin Kaipuwan ka banwaan, Sira a kanatong Malalauman Kaya disiplina a unaun tang bantayan.",15,medium
1317,kano gad a admin kadi pasada Rinconada. sige adi english. naisiyan ng Rinconada!,13,medium
1318,ka uri mo man admin sa barita . ehh galaw galaw naman po... hahahhaha,14,medium
1319,Pangako po kaninyo magiging mainintindi na po ako ka sitwasyon saka migtabang po ako kaninyo.,15,medium
1320,kaibahan na libas at kunting karni asen lada ginataan na nagmamantika sa pagkaubas,13,medium
1321,Sa paguna mo dakul kaya a parabakal ni Linda Taunu Bilib na talaga ko kanimo!,15,medium
1322,tlaga ing ha?? mg eyan rw aq sahan Icc kin matuod yn,12,medium
1323,"kina manga nabubuut sana kaninyo. a nabubutan ninyo, ono pang premyo, a makokoko ninyo?",14,medium
1324,bigla iyang nagpundo-pinundo man su mga tunog ag namati niya na agko matang nag-iinirib kanya,15,medium
1325,Gustong makatabang ni Toto na mapadakol a pinagkukuan nira sa ikabubuway na gulayon.,13,medium
1326,Nagpaplano si Mrs Ramos na magkaagku Christmas programa sa eskwelan,10,medium
1327,dmana gasgas. pero biyo gad po adto nakatakot na baka nakagasgas sya. hinarorot,13,medium
1328,natunow nasa kasasadit na pedaso na sana su maduag na tipak sa yelong daradara niya.,15,medium
1329,panahon na adi. dawa iton karugo mo kapasil na gibuwan na sa maraot. dapat kanimo,15,medium
1330,Pisog kan mAni igatanom mangduwa-duwa para marambong pag nagunod magbunga Ang lambang ugat,13,medium
1331,"Dapat na magin maurut Sa kapwa magmabuut, Nganing bendisyon umabut Makamit a minamawut.",13,medium
1332,"lyo naabutan qu, pag may nagimbitar nin baylehan so tya qu an piginbitaran, pag habo",15,medium
1333,migpalis sa tabula rasa sa brown ag metallic gray na karton.,11,medium
1334,"Kuloran sa pula a unang burak, yellow a sumunod saka orange a uri.",13,medium
1335,uda kaninyo migtao ta sa Usant ko sabado pa? so agko sana stub..... tinao ko kandidato.,16,long
1336,Adi gigibun ka Sabado alas tres sa apun sa kanatong barangay hall. . Mayna kamo!,15,medium
1337,"kan nakaaging 2019 elections, mahigos na kampanya piggibo ni Villafuerte.",10,medium
1338,"Naguugas sa mga plato, nagsisigid, naguusay ka mga burak sa plorera.",11,medium
1339,ono basang a ginigibo nindo mga under oath nagse sweldo iwag man tabi kamu,14,medium
1340,an mga narururugnas sa buhay ay rugnas asin kagayunan.,9,medium
1341,Sinurat ni Franlie O. Ramos pinagcontextualize ni Karen L. Llagas .,11,medium
1342,"Sta Krus. habaran iyadaton a sana ngaya among, kamo na ngaya",11,medium
1343,nayku! nagiisug na baga ka mga igen nguwan! kmusta Neneng su mga gurang ninyo,14,medium
1344,Musical instrument bauy sa manlain-lain na instrumento na ginagamit sa musika,11,medium
1345,pero sabi ku mkabyad kanda na naggalin sa Calamba naglunad daw po sa jip.,14,medium
1346,good job po kanimo mayor Madel and sen. Laila De Lima. nababayad po ginigibo mo,15,medium
1347,"Sa mga gigibuwon mo, mamumuya ikang maturan a pagpili ka kasarian ka mga pangngaran.",14,medium
1348,Siisay a Pinakaimportante Sinurat ni Marijoy B. Buffe Isinalin sa Nabuanon ni Thelma A. Follosco,15,medium
1349,"kin alawig a bakasyon, si Tikay ipapaktora, para makaiba man sira mama saka papa.",14,medium
1350,Napili nirang iyanan su El Barrack Resorts sa Balatan.,9,medium
1351,Si kuya nanggisong ta kami mingayamon magisong sa paraisong kinaban na pinaglalaom,12,medium
1352,hays naku ata graduation man ku ibang school dina nkisama si Casureco,12,medium
1353,pwedi man sna limit lang so pinabauy muna pra s pagclaim. just saying lang po,15,medium
1354,tinitipon ana tubig sabi ni Marcos ta gagamiton sa uma ... sabi baga Virgil Manaog,15,medium
1355,rest in peace po pay Mariog condolence po may Pepen at sa mga pinsan ko,15,medium
1356,Jhadzz B Salvanera uda na bagayton ibang nirason,8,medium
1357,Paisi sa migtuturo Paki giya po a igin sa pagsimbag ka mga sumusunod na gigibuwun.,15,medium
1358,"kita ni Edwin S. Breva, Jr. nin panduwang mga mata nganing hilingon an",13,medium
1359,"murder. segun kadi barita, so suspect naagawan sa pasahero, kaya inundayan sa saksak so victim.",15,medium
1360,"A kanimong amiga, Zone Sabulao St. San Vicente Ogbon, Nabua, Camarines Sur Marso , .",15,medium
1361,su kamot niya luway-luway na inniyan sadto rurug'gan niya labing binabayad kin sari iya nagrurugo,15,medium
1362,"baloy na nagiiyak, papa, mayang po dali! agko sawa sadto natad Ta!",12,medium
1363,pirmi na sana tapos anggan ngowan deri na uupdate statement of account.. su pagbagyo dati,15,medium
1364,and bawal lumuwas sadto na resort o sa irrigation su mga igin nagpara swimming.,14,medium
1365,pakitxt po plate ta pasilip ko sadi Malibay terminal bka sadi nagpaparada!!!,12,medium
1366,"Pagsasarita a bauy ka pagiiras sa ideya, dunong, nasasabutan o namamatian ka usad na tawu.",15,medium
1367,"masiram yan kung gugu-guun sa asin or asucar, maglikay ka Ing sa bado ta dugta iyan!",16,long
1368,Pansalidang Bibisaranun Pansadiri Kanako ginagamit sa pagbibisara manungod sa bagay na pagsasadiri ka tawong nagsasarita.,15,medium
1369,wow... congrats po mayor Madeline... dakulong tabang po saigo an.. job well done po,14,medium
1370,"migbaoy, pararom, pararom, pararom... ku igin pa ako, magdudulag ako paiyan ag migula sadto riles.",15,medium
1371,"maluway ta, agku man yan menor, ta miling big bike dapat palan permi harurot, safety",15,medium
1372,"A mga magmadiyon na Tessie ag Helen, pirming tama sa aldow magsulit sa modyul.",14,medium
1373,Medyo maati su pakagibo saka dri naiintindiyan a pagkasurat sa rapot-rapot.,11,medium
1374,pakatapos nagbaklay na sira pauli sadto lumang baloy labing su aldow pigmamara su kulit nira,15,medium
1375,ang isyu digdi nilinig an Manila Bay. na naging tambakan kan basura kan mga balahura,15,medium
1376,kasuudma lang nagigdi si meter reader iyo ito si bill nyamo..,11,medium
1377,"diri magdadaya dapat magigin taya man ika, dawoy ni Mama.",10,medium
1378,"Naglinig, Naglilinig, Miglinig su mga kagigin sa Grade ka Gen. Rabus ka umaabut na Sabado.",15,medium
1379,baka po pwedeng ipa-enlarge itun mga lalawgun kitun mga member sa Ipit gang,13,medium
1380,tauno daw ta permi ning arog kan a setwasyin alagad parugang sanang parungang ka babayaran..,15,medium
1381,immention ko palang sana ika te. nka comment na plan ka... same,12,medium
1382,pian do panogen ya pati yo a ipinagbo do magudang ya nasulit,12,medium
1383,Anunsyo alukot na pahayag na nagtataong impormasyon sa mga bagaybagay,10,medium
1384,pribadong awtopsiya tabi-apo ki Federico Garcia Lorca,7,short
1385,"angka sagkud so kandang ama, pangala man tolos nira so sinnonod ki Jesus.",13,medium
1386,sumisikat kamo? imbes na maray a imahe ka Pnp rinaraot ninyo. imbestigaran,12,medium
1387,kamposanto a respect pls sa mga nakahimlay sa nitso aa.,10,medium
1388,kantyaw bansag tukso bully nalingawan diri narumruman diri tinawan sa atensyon pildit ginigibu nganing magandar o magfunction a usad na gadget,21,long
1389,ay amo palan yan so sinasabing galin pa sana so Gma unang hirit ko nagrrigos kami,16,long
1390,mga mataban .. talaga mga uda supog dinara na kintana so lamesa saka payong amo man sana...,17,long
1391,uda man nakabayad o nakarakop kadto syempre ta uda man makatukod kin kuno mig-abot a unang uran,17,long
1392,pala nag-arabutan na su mga surat sinurat sa amarilyong papel na pinadara sa puting sobre na a selyo galin sa iba-ibang banwaan,22,long
1393,"Luigi Villafuerte, ako po a napili ag ineendorso na kabalyo para Bokal ni Cong. Jo Fortuno,",16,long
1394,"gibowon mong ilumca paglilimos mo sagkud a kanimong ama na nakababayad ka karayan naginigibomo sa ijlum, amo a migtao kanimo sa premyo.",22,long
1395,"unta man k manoy sa gilid man so tambak,, diri piriton kin nagtutungka magkapekape rin paminsan minsan",17,long
1396,binukasan ku igin su nganga niya pero uda ngangabilon na nag-abot kanya ag uda man nangga'd nasayod,17,long
1397,"ug bukas kotse gang, tung tawhana nganung wala nalang gipa priso,, nganung patyon paman,, walay klaro ang report,,",18,long
1398,"sus ko kung aki ko kasali diyan sa arog kayan palohodon ko yan, sa mongo abang uurag",17,long
1399,babaye sa Iriga nako tas bana diri kamo nagsusunod sa protukol uda na baga iton,15,medium
1400,minsan pag san kanda si tata Ulyan pagsulnop ka aldow miggulom adi kanya pala amo na 'di migtapos ka istorya para ki papa 'iton niya,25,long
1401,"mayong maginibo, kpag may gatong mkipag midbidan so sultero , sabi ko nawalat ko sa harong sp pangaran ko.",19,long
1402,entonces su feeling-aga pigsabiyan iya na sa kagurangan kuno niyang an kin virgin pa iya a hymen niya among tuod na kagumoy sa goma,24,long
1403,"grabe man, kin arug na kan. baad man maski kalag nira mataban nman, ta mga nakaka piot na sira sadi kinaban.",21,long
1404,"sirum burak igin Unu, pinasilan ika ku pagsasanay opo diri po Kin nadipisilan ika, intindiyun mo sa maray a isturya nganing masimbagan mo sa tama.",25,long
1405,ag pa'la ibinusol ako paiyan sadto ababow na parte ag piglilili ko kin uno su nagbusol kanako,17,long
1406,pigpipirit niya na diri ko 'di pagpaabaon lampas sa tingron ta bagana kuno ko babaying pagsilngan,16,long
1407,dakol na tawo nararaot dahil kiton na shabu iton uno man raw karayan kiton. maski agko tultol na nawawara sa sadiri,21,long
1408,"minagatok kadikit an saindang ikinabuhay, minsan dinidugo ini, malambing sinda sa kapwa ayam, alagad pwedeng magin maringis anuman na panahon.",20,long
1409,kin su papa buway sigurado madadawoy sira as their president na kan that always pacify the suspect,17,long
1410,hay poag ika ado ako gosnab na cge pa tarabaho agom ko malabo na pagselong sege,16,long
1411,nabayad ninyo or nafeel na migka agko commotion call their attention agad and talk to them.,16,long
1412,"Ulat muna Toti titipunun ko pa su mga natuka kong paruy tanganing sadtu kita magkaun irarum ka kawuy, a sabi ni Bokbok Manok.",23,long
1413,uno nang yari ta nagbbaha na siton Iriga. dati diri man siton aabot sa tubig.,15,medium
1414,.. itinatao ninyong dahilan a breakdown of water pumping station in San Juan bkit uda na ibang source?,18,long
1415,nakauba pigparapamarukpukan niya 'ding malakaungot anggan sa nakanin-anan na ku kawoy su kulit ku palad niya,16,long
1416,"kan panahong aki pa ako, nababakalan sana baterya an samong portable turn table kapag nakapagkundusir kan lukad.",17,long
1417,masiramon gari maliputon ang tubig. pasupport man po mga manay asin manoy kan sakuyang page. pa follow man po. salamat nin marhay,22,long
1418,"Sa mga gigibuwon mo, mamumuya ikang maturan a multisilabikong sarita, pati mga saritang agko consonant blend, clusters ag digraphs.",19,long
1419,nagrerely sinda sa herbal med . kapag agko namatian pinapakusog a resistensya pritas at gulay sana ..,17,long
1420,mga kababayiyan na iba sana talaga katakutan. ta kin makapiansa paluwason otro magpabakal kayang da katakutan itong drugs,18,long
1421,"pagabot ka alduw ka pagosgar, dakul a migsabi kanaku, kagorangnan, nangadalitabi kami sagkud nagpalayas sa manga demonyo, sagkud naggibo kami sa ngangalasan sa ngaran mo!",25,long
1422,diri pa kaya makuntinto q agom na daruwa man a badileg e naganap pa sa iba.. kadiratan,17,long
1423,"yes to Bicol light oda maray na servecio Casureco 3 pirang beses on and off kagabi, pirmi yn pg time ng mg reading.",23,long
1424,"Tama ika san Roberto, ta base ngani sadto narungog ko sa bareta sa interbyu ki Dr. Vergeire nagdadakol ading kaso ka bagong variant sa Covid.",25,long
1425,arog ka diri niya dapat man nababayad o nakakausip su mga pukuapuon niyang lalaki ta ta,16,long
1426,"lumubto sa araning salog. sadto, kaiba a mga gapo, udo sa baka, ag dalagan ka pagbulos, su langit.",18,long
1427,pariyong pinili kading darwang babayi na diri magsabi kin uno pa man manungod kadi ki daddy,16,long
1428,iya agko pinakabilog na mga mata ag pinakamaib-og na pirok saka pinakamaabang naggayon nang kurong na bok,17,long
1429,kamaturan insulto an sa pigtawan ka amount na an. tamang usad na alcohol and box sa,16,long
1430,"Nguwan pong Dec agko po lechon, bulalo, kalderetang kanding, atbp available at luch today here at Doming's Lechon House.",19,long
1431,diri aq kiton kin amo iton premyo makukuko. tama iton q nagiingak ingak na cge pa,16,long
1432,yang ang sinasabing diskarteng malupit sige payaman lang kayo hahaha d nyu nmn madadala sa langit yan hahaha swerte ing na maiiwanan nyu hayahay hhahah,25,long
1433,dyos ko po patawad wala kami maiintindahan sa sermon mo father ta sa mukha mo kami nakatitig,17,long
1434,sadi po Triple-p baga na so baloy tigduduyan sa luway luway ata bados so orig ko hipag ko migugbon sa 10,21,long
1435,dali na tabi kamo. ta diri pa nakaka answer exam mga studyante sa online sa school nila.,17,long
1436,pag ok yan arigon sa Rizal Park pag 6 pm nagpapa togtog sa lupang hinirang,15,medium
1437,lya a big-time hadi sa kopra paroy mais manok pambulang-na-manok sa ngamin na macho sa syudad namo,17,long
1438,ang hazard fee tabi para lang yan sa nagtratrabaho na front liner na health worker,15,medium
1439,"alagad tinapalan sana kan botong hale sa Lriga kun saen nadaog si Andaya ni Villaf nin 12,500 boto.",18,long
1440,pedestrian lane na arani sa atubangan ka iskwelan baga na lugod mga di nagtake sa,15,medium
1441,pag pinnupundo si Mamee a kinakausip talaga niya su amigo ni 'uya na sadto tarikuran niya,16,long
1442,kapal kn lalawgon mong hinayopak ka pinadagos pinakakan ka na eu pa yan binalos mong hudas ka,17,long
1443,wawa nman c kuya natimingan. pa naghahanap buhay kintana. pinaipitan mo kuya dakol dakol baka nakllusot paka,17,long
1444,"Agko nagsasabi mas okay sadi probinsya, kaysa sa Manila, matuod man pero nasa diskarte yan dawa ika mapasari kin madiskarte ka malalampasan mo yan.",24,long
1445,"A mga parte ka dyaryo News Page, Editorial Page, Entertainment Page, Sports Page, Classified Ads, Obituaries saka Business Section.",19,long
1446,erak man kan mga biktima ata mga gurang na patayin den yan hayup hayup pa sa hayup demonyu jablo patayin din yan,22,long
1447,pero ang mas nkakatakot so virus na ipinagpupunla sa isip k tawo pinapatubod ninda na so mga karaniwang kamatian kailangan ginigibu nindang Covid tulos,24,long
1448,maray pa sabihan mga igin na dina sana magbukas kin sisay pa man lalo na kin lalaki.,17,long
1449,"nakaka missed an dinakulaan kong buhay an iba muya man itong dutdutan mantika kan orig na may asin, masiramon daa .",21,long
1450,pero si Mamee makangangabil na kadto kaya pagkakausipon niya su lolo 'iton ag lolo Kulas niya,16,long
1451,"kin pag striktohan man kita, consequence an dahil di kita nagsunod sa protocol. tama o tama?",16,long
1452,report nindo po sa animal welfare para madakop me kagibo kaan hirak man po kang ayam,16,long
1453,dapat maging sensitibo tayo sa mga bagay na ganyan kc. habang naririnig mo to ay nasa kabilang banda kami na hinahanap mo pamparampampam pamparamparampam.,24,long
1454,uno sirbi k mga mayor at lgu alangan man kada agq bagyo iyanan p kamu k,16,long
1455,pagabot s baloy migulod mn sna mala irakman nyading ni patupad adi grabe abuso. da gayod ni payaba nyadi eh.,20,long
1456,diri niya nabayad kin pauno su kurit sa buway sadto palad niya biglang naputol pa'la pinuon naman utro sa malakasadit na linya,22,long
1457,kung fruit bats yan. dakulo a pakinabang ka biodiversity ta sinda a magtatabang sa pagpropagate kin mga semilya ka kanatong mga kahoy sa kalangtadan.,24,long
1458,hay naykuman di na talaga safe mga igin dawa sa loog na ngani sa baloy nadukot pa.,17,long
1459,pg agko ipinanao nagsusuksukan na pwd gayud magpila lalo nguwan agko pinapautob na social distansing,15,medium
1460,magkakanta si 'anay pag kinakaputan ku igin na babayi su bok ni 'anay tapos pagngangayamnan adi,16,long
1461,pinnundo su kamot niya ku nakarungog iya sa silok-sigok sadto kusina pa'la pinnundo man iyang mag-agung-ong,16,long
1462,"oh baka dakol naman a magpinatal na mga Filipino, amo naman iton iboto! vote wisely,",15,medium
1463,"atroso samata mo, tanganing makabayad ika saigo oul maalin moa songot sa mata ka ngod mo",16,long
1464,sabi niya kanako pumundo kuno 'ko tabi sa rait na bagana sadit na igin na babayi,16,long
1465,pa'la migrapo si nana Kuring tanganing kabiton su igin parayo sadto gilid ku batangan ku pukuapuon niya,17,long
1466,baad nasindakan man sana 'ko o 'baad sutil man nangga'd ading tagasyudad kong rira o 'baad ading pagigin malakaubin ko o kadungasan sana talaga,24,long
1467,clalaki na injiputan sa harong ninda tama yan para ndi na pamarisan nin iba lalo na kung,17,long
1468,aq man last Sunday nagwithdraw aq Bdo agko egen nagtitinda sa basahan at agko,14,medium
1469,"talong, antak kamotengkawuy, mayis, Miling Maning Mikoy Marta Nasunod mo raw su tamang pagbasa Tsekan su mga nasunod mo.",19,long
1470,agko ko mas maray na relasyon sa mga manok k'wasa a ngamin na mga lalong pigpara-kantyawan ako,17,long
1471,kaya uman adi linulowasan kadi Pilipinas cge nasana pangutang ta arug kading magisip a mga nsa kinauukulan haha kpa tibwas,20,long
1472,"sa pagsalin na adi, iningoa namung ipabayad a ngamin na manga bersikolo na mababayad sa bagong tipan galin sa manlain-lain na sinaonang manoskrito.",23,long
1473,"unta man iton sabi 6 to 8am sana mig-9am na tabi Ngcp, Casureco uda pa ata kita",17,long
1474,nconfine sa hospital.. dito po sila ntutulog sa tabi ng kalsada at ilalim ng Mrt station,16,long
1475,"Si ganso naiibog sa maray ki pabo, urog kin ibinubuka na niya a kanyang ikog, kaya pinagsilngan niya adi puon payo anggan tiil.",23,long
1476,Sa pagsurat sa reaksyon saka pansadiring opinyon sa mga barita saka isyu natatawan sa pagkakataon a usad na eskwela na mapauswag a kanyang kaisipan,24,long
1477,"dapat kan bitayon, taga Bula n2man ay, agku mn tga Bula na ese ko sobra k manyak,",17,long
1478,pero a pagtangis ag pagkaway bukong gibong panlalaki ag pa'la isasalya naman sana 'ko utro pabalik sadto lauman kin gibuwon ko yan,22,long
1479,masarap cguro maupo jan s opcna ng mayor kaya ayaw ng umalis di pala yn pwedeng pahiramin.,17,long
1480,"Kin gusto mo a magayun na kumunidad mamurut, Maniggid, linigan, alinun a duut Magtanum sa kawuy, bubuun urualduw",18,long
1481,urag mo nono. kin iton lusto mo linubong mo cton lastag ag ngkayos2 ika igen pa ton napagtripan mo,19,long
1482,"an 'kirag' na pang-ayam, nagin gitil, landi, giprad, asin iba pang tataramon na igwang natura nin agi-aging sekswal o pakikipagkonektar sa ibang tawo.",23,long
1483,"mapiste boko jn nagagi, sala na naman c ulat ninyo sadto likod ki may ising",15,medium
1484,Pag uda eskwela tinatabangan niya si Nanay Nina na magtinda sa nuyug talong okra saka kung unuunu pang gulay na nakatanum sa natad nira,24,long
1485,"Ini agko front ag back cover, title page kin sari ta mababayad a ngaran ka libro, publisher ag author, a naggibo saka nagsurat ka libro.",25,long
1486,"mga ngod, gurng na arog pakan dapat sakanya ipadanas ang gaono kakulog kan cnapit ka mg agom",17,long
1487,dae man aq kontra na pgpagayon kan Manila Bay ok na garo na linigon ing dae,16,long
1488,. Susapon po pagkatapos ianunciar na si Sir Sal Fortuno Jr. na ang magiging katandem bilang Vice Governor ni Gov.,20,long
1489,grabe 200 ning nka cheque pa hahahah tpos hazard pay ganyan ing palit kaya kau ng posisyon dba,18,long
1490,suskopo! dawa malabuyun masugsug kami sa kalabuyan makabayle lang may darang mga onlong kada saru ta pag palsok kan saru c saru nmn masolo,24,long
1491,kadakol kan di tatao na a pedestrian lane para an sa pedestrian kaya dapat ngani nagiingat,16,long
1492,"Di palan isi ni Ben na nakasunod kanya su maestra niya, Kasunod na narungug niya su makusug na taptapan ku mga kaklase niya.",23,long
1493,mo... minsan ing yn mg abot sa buhay kan sarong tao good luck sa u and God bless,18,long
1494,gusto man niyang magrait pero napasilong sana iya labing su mga siyak ni tata Ulyan ag wasiwas ku minasbad nagraranog sadto kangitngitan,22,long
1495,mag-imati ika kin ibang tawo nakabayad kanako ku aldow na adto pirang taon na nakakaagi biyo man nanggayod sirang freaked out arog ku sabi mo,25,long
1496,ungaon mo na sana su patal na paradaog-daog na pag-una niya mas gwapo iya ki Aga Muhlach,17,long
1497,kaugakan m dilaan m. bog kan nagpatangran na sna dawa para sup2 sa tulang sa cacao,16,long
1498,usad man iyang fellow ka international working group reimagining the british museum Bm program poon pa ku 2023.,18,long
1499,boy jakol palan si sir dawa sito loog kito stasyon di na pinaabot sadto baloy nira,16,long
1500,ag si Sonny su dungas na nagpabura ki Mary kadto ta sinabiyan niyang kakabayuwan adi niya,16,long
1501,centrong Iriga kadakol kito sistemador ngata ta di nadadali??? dana kamu ibang mabirikan ito mga dana,16,long
1502,ay Hesus kita ya pauno man palan adto naputlan erak man mg eram sna ngani pu ya,17,long
1503,grabe uran pa sana yan pa ono kung baguio pa kaya lubog na eton na Iriga,16,long
1504,charot diri talaga sikreto 'ding seremonya na diri ko pwedeng sabiyon ta agko saradong kontrata na kadakol na patara-tara pala pakatapos kadto-instant baklang aswang ititch,25,long
1505,usad iya ngowan na patapos na estudyante na nagkukuko sa kursong bachelor of science in nursing sa Camarines Sur Polytechnic Colleges,21,long
1506,putok ni padre Bobby gusto mong magin bata a sangbay sa pulis kadungas mo migraan ika kiton,17,long
1507,"70's pg ng bday aq, radio phono lang ang gamit, mahiwas ang natad mi magkaibong na",16,long
1508,paki unplugged po muna mga appliances nindo kung uda kamo voltage regulator lalo mg flat screen tv . deficil na . maraot an po,24,long
1509,akala ko nga agko na kami christmas light sadi house ta on and off ah ilaw... haha,17,long
1510,"Alimbawa igin kangayamon kagigin Nabua West Mother Collective noun pangngalang palansak usad na bauy sa grupo ka mga tawo, ayop o bagay na agko klase.",25,long
1511,amo po an su mga para kukung igin na nakaputing van... uda napo sinda makukung,15,medium
1512,"inaasahan na matuturan mo na Use expressions appropriate to react to local news, information, and propaganda about school, community and other local activities.",23,long
1513,para man adi unuuran uran pa man sana imbes makapagcharge ku mga dapat pa man,15,medium
1514,"segun sa barita? oda na eton pandefensa, a dapat mageskusar tolos y magtarabang lgu, pnp, barangay officials, nbi, courts, publico na marakop tulos.",23,long
1515,"di dapat paka paslo sa pasahero ta kin agko positive sadto usad sa mga pasahero niya,",16,long
1516,"ko makaluug na iya sadto baluy, rinnapo kanya so darwang bota sagkud inonga sira ni Jesus, naniniwala kamo na mapaparay ko. kamo?",22,long
1517,possible po talaga na uusad ah kag gibo kan saka isi nya kung sari dadarahon ah tawo,17,long
1518,tapos pag abot sadto baloy nira migkinaduan man sana. daman sana silbi. pasali nyu talaga Qs,16,long
1519,ag kada pagtapos ka tag-init susungkaton na iya ni mama niya pala migbalik na sira sadto syudad,17,long
1520,Lieutenant usad na suldados na agku alangkaw na katungran sa gobyerno Kapitan namumuno o nagpapautub ka ordinansa sa barangay.,19,long
1521,nagbaba na nman kya so 2021 national budget. fund a sa covid bku a mga tawu!,16,long
1522,igdi ang presyo ki kopra 24.8 tapos nung Huwebes naging 25 ang kilo jackpot na kuta ta makababakal na ki karne,21,long
1523,makangalasngalas an siring na impormasyon urog na satong mga tawo huli ta sabat ini sa satuyang natura na kun siisay an nagkikirag iyo an naghahanap.,25,long
1524,malamo ka strikto sa bayad ngowan na pandemic na dapat bayadan su 2 bill namo .,16,long
1525,ayaw ng isauli dapat kyan dae na ibuto ta aram na ang ugali pra sya pnsmantala nka tukaw abo ng magpapadagos,21,long
1526,"o kaya pagunuon sa niyog baba taas nganeng maimgustuwan iya, tas pag lastikuwon ka mga madlang people hahaha",18,long
1527,sabi ku mga kurupos na tawo linuwas man kuno su igin na babayi sadto buros ni Mamee,17,long
1528,hayaan na kung uda ngaran total na rakop naman udana mabiktima pa malupa iya sa kulungan.,16,long
1529,"alagad a manga tawong kaipowan kintanang kaiba sa kahadian, jaapon sa kangitngitan migtangis sira sadto sagkud migragut a manga ngipun nira.",21,long
1530,pandemya nagluluyap na malalang ilang malikayan maibitaran Bistu mo raw a mga letrang adi Bistuwun saka basawun a lambang usad,20,long
1531,agko nagkapipirang mga tawo na nagsabi kanyang bistado nira su igin niyang babayi ta tinabangan sira kadto,17,long
1532,"i dont know the whole story behind this issue, but for me. maging fair man sana kamo.",17,long
1533,pa'la si daddy na magigin bulangero king ka ngamin na senior citizen macho sa syudad namo,16,long
1534,saro pa gabus dapat na sangkot jan dapat matic na yan halion sa trabaho ta mauutro,16,long
1535,"full tank mo pirmi para maagahan ka man sa tinampo trangkilo sana gs os 3 2,",16,long
1536,"pag an babaying ayam nagkikirag o 'in heat', buot sabihon preparado ining magpasagbat tanganing magbados dangan mag-ugbon nin mga bagong ayam, magpadanay kan pagka-ayam.",24,long
1537,Isinurat ni Karen L. Llagas Pangunahing Ideya A parteng adi ka modyul amo migsukul ka mga naturan mo sadi aralin.,20,long
1538,ingduduag na ninyo kamo pa talaga ngubos kiton na para sa mga tawo na nangi2puwan tlga,16,long
1539,"arog tana ika kan kaso nasala su spelling ku pantry, naging panty kaya uda nagrapo hahahaha",16,long
1540,napasasari raw a dapat na income kiton kin baga man legal. magtaga isip na raw kita Rinconada.,17,long
1541,para tao sa Covid kuno magconcentrate pero a barko ka intsik lana kadakul sa Philippines Sea.,16,long
1542,ag syempre ginibo niya 'nganing uyamon ako o 'baad nagigin mabuot sana iya ta pigsabiyan ko,16,long
1543,"Business Section nagsasabi sa impormasyon o bareta manu ngud sa business, stock exchange saka pang kabuhayan na programa o negosyo.",20,long
1544,buko man akong arog kading mga dayong dragon na adi alagad kausad ako ka ragang adi,16,long
1545,Sariling kababayan natin ang hihila pababa kahit gusto mong e angat nagbansa sadi pa sana mapapaluha ka mga pang yayaring adi.,21,long
1546,"single ag available pa ako pa'la a konsentidora, pakialamera, chikadorang mga manok pigsasadol ako to get into the dating program sister with matching cluck cluck cluck",26,extended
1547,"Kanarungug niya na di na iya maibabakal pa sa tsinelas, uda sabisabing nagdalagan iya paluwas sabay lili ku magagum, sinulud man iya ni Tatay Ariel.",25,long
1548,ha ha ha.. ono raw pwede aplayan ka Rsc ngowan? nakatapos gayod an sa Bssc 0,16,long
1549,"ku nagrararamrag na, naanapan ku hadi su mga parauma na natuturog sadto palibot ku lubot ku ragang dinugkal nira sa buong pagtataka,",22,long
1550,"rakpon na tulos, darahon sa Tinangis Prov jail y deretso sa National Penitentiary Muntinlupa. kidnapping, rape and murder of 12 years old.",22,long
1551,pagkakantawon nira a pangadyi nira sadto kag-igin niyang babayi na napuonan ngamin 300 taon na nakaagi,16,long
1552,"Padagos tang gibon a pag uugas sa kamot, paggamit sa alcohol, pagsupong sa facemaskfaceshield, pag mantinir sa social distancing saka pagpakusog ka resistensya.",23,long
1553,mas alaba saka high power gari si badil kan si 26 yrs old kumpara sa 9mm ni 33 yrs old,20,long
1554,alagad dpa ngani gaud iton mga tatao maglaba ka mga italub nira!,12,medium
1555,Gawain sa Pagkatuto Sadtu mga ipinagibu ni Ginang Tuyay ari sadtu su mga narungug mong pinagibu kaninyo Sabiyun kin nasunud o diri nasunud su pinagibu.,25,long
1556,sempre valentines nagkaonan sera ha ha ha narakop ata sadto kya kamamaisan lang bakante nakagusi man kintanag,17,long
1557,kun bako saiya bka mayo pa kita Bicol int'l airport ta so nakaaging admin bga pigtukawan ginibo sna itlogan sna baga kya dai nahaman..,24,long
1558,"titiponon niyasadto balayan so trigo, alagad so apa sosoloon sa kalayong diri mapaparung anggan pa man.",16,long
1559,"hayst kaya man palan kakara ulat kami, di lugod na ilive so nagpageant sa Miss Guy",16,long
1560,Nagpangadyi saka nagpasalamat si Mica sa Mahal na Diyos na tinawan sirang pamilya sa maray na buway dawa ngani agku pandemya sa kandang lugar.,24,long
1561,"Pwedeng magamit a kawuy sa paggibu sa baluy Unu a pasunodsunod na dapat gibun sa pagtanum ka kawuy Una, magkuko sa binni na itatanum.",24,long
1562,"Nabobotan kong eskwelan Sampulong bulan kong pigparabiribiltan Kadakol ko san na nagpaginaw an Magbasa, magsurat saka magbilang Utang ko san a ngamin kong naturan",24,long
1563,para po kanako dko talaga gusto ah modural kc uda man po natturan ka mga igin.,16,long
1564,congrats po kahit hinde man ako manali piro kalogar naman ang nanalo pag palain po kyo ng my kapal.,19,long
1565,"sa kalsada agko mga nag-iinuman la pang riribok, agko nagpapatugtog kin makusog, na bagana baga bukong semana santa, mga ati nakatambak sa gilid,",23,long
1566,"kon isi yan dakol sa Baao druga nya tauno ta pinababayaan ka mayor saka mga pulis,",16,long
1567,mas maganting pa ngani akong bumayli sa bayliyan kisa kandang makakanos mga walawon a tiil na haliparot na pigparatagisan ako pag nakakarapo kanako,23,long
1568,nakapasar iya sa foreign service officers exam ku 2000 ag nagluog sa department of foreign affairs ku pariyong taon.,19,long
1569,isi man ni amang dyos na malakabastante ku mga manok sadto raya niyang manukan ngurob-ngurob niya,16,long
1570,biyo nang sa dayo amo yan si Sonny kabangang-unglo saka kabangang-kapre na pigninigaran ka pariyong lado ag intinatakwil na bigik,20,long
1571,grabi irak man no manay nadayaan na so feel potol gad an pagiromdom sa mga nagdaya,16,long
1572,arog ko Holy Week 30 na van nadakop tiba tiba 30 unit times 200k 6m san kaya mapunta un?,19,long
1573,kun mkaistrikto kmo k bayad s tkot na mputulan ilo kun drwa a bill dwa unong pki ucep,18,long
1574,dapat so kag sadiri ko van managot ngata di isi ko driver kin pira pasahero nia ta basta nlang naggalin,20,long
1575,an mga manok ay nakakangabil ag pag nagpuon na sirang magkutkutat diri na sira mapu-pundo,15,long
1576,mga bukong bumaoy ng pulis ta puro kya mga chismuso chismosa mga abu maalin aa mata sa pangyayare ta marig kompleto ee chismiss,23,long
1577,Tandaan mo na a mga sasaritaun na nagpapahayag sa aksyon o iwag a pandiwa,14,medium
1578,".. pinagtataka ko yung mga van na paaliis digdi s Manila itinatawag muna ang plate number, tos color kan van, nata daw?",22,long
1579,"Uy, Leo, amu na ton su binakal na bisekleta ni ninong mo Adto a kanamung baloy, mayna natatanaw ta naman! .",21,long
1580,Dapat agko solusyon galaw galaw kin isay a responsable kading problemang adi tapos na eleksyon magtrabaho na lang,18,long
1581,dahil mau kaming kuryente magibo aq assignment sa tinampo which is may maliwanag man na poste mala baga nakatapos aq .,21,long
1582,"kin pira a direksiyon na narungug mong itinau, Magtaptap, Ipikit a mata, Magbasa saka magsurat sa ngaran, Magbayli, kumanta saka magtap tap sa tulo.",24,long
1583,maray dakpon a mga motor na sobrang ribok kan muffler kadakol igdi sa Nabua,14,medium
1584,pigsulod ku silong ku igin si nana kuring pa'la pigsilngan su kawoy na bagana nag-uulat adi,16,long
1585,"maski su mga bagay o tawo na nagtao kanatong ngaran su Alatco, si Nora, Saavedra sagkod si Taduran galin kanato alagad raga man nira ginalinan.",25,long
1586,su palad ag mga guramoy ko apos nang lumipad pataas ag makakarait pa 'kong ay patay,16,long
1587,"abang nagkakaon sa pamawan, biyo niyang narungog sa radyo na bawal nang magluwas a mga tawo ta agko kuno nagluluyap napandemya.",21,long
1588,muya sana si daddy na nagrurungog ako sa machong kanta dawa na maribok adi kisa man magkanta ka kapag tumibok ang puso ni Donna Cruz,25,long
1589,"dapat arog kan sana sa sunod buko sana opisyal per barangay biglaan sana para uda makariklamo,",16,long
1590,"nakaamba sana iya sadto bintana na salaksalak su namamatian uban na namo ikang pinagoobserbaran, Lilly, sabi ku matabang higante na agko mabuot na mga mata.",25,long
1591,irak mn iton na babae ga nputol na iton na till Dios ko po kya ingat prmi sa ngmo2tor,19,long
1592,"so mga agko ngani jowa siton na lampas sa usad, sobra na man yan, usad sna ngani",17,long
1593,i love you Pldt 4 months na kming wala internet 6 migbayad nman ako udma.. hahahahaha,16,long
1594,8cubic na Sanyo na ref and 14 inches na Sanyo man black and white pigaberik ang chanel hangaang ngana parakupras man giraray..,22,long
1595,"Mangitngit pa, nagpapaiyan na sa ibaba sadtu lugar na pinagtatanuman nira ni Maning para ilaw ig su mga ataman niyang mga baka saka dam ulag.",25,long
1596,sabi niya nakakaapekto kuno 'di ka agi ko ta bagana kuno 'ko nag-aaging tindog na pato,16,long
1597,tapos su kaalyadong banwaan ag barangay diri basang nakikinabang kiton na pagraot ka bukid ninda.,15,medium
1598,kin diri mo masabi kanako o kiisay man kin uno nangyari iing-ing mo sana san kawoy,16,long
1599,abang nag-aagi a taon a usipan namo nagda-dalagan man mga munyika mga mararaot na maestro pastidyong mga igin na lalaki ag nagdadakulong mga suso,24,long
1600,Lang sakit para kanamo ana nangyayari nguwan pero di kami migpaapekto kahan kaya bilib ako kana mga tawong nagpupursige para magkaagko dawa pauno.,23,long
1601,da basang pa tara tara na migbrownout masi ata naglalaba kaamay amayi man next time 2,16,long
1602,Maggibo kin alukot na talata na binubuo kin abot sa lima na pangugusap na agko panghalip panao ag panghalip na paari.,21,long
1603,matutuparan niya a mga puru-pirming problema sa buway pero mabubuway iya sa mauban saka magigin mamuya,16,long
1604,so sad po kin matuod na amo yan mudos nira despite po ka kadakol kanda gustong tumabang.,17,long
1605,sadi ngani Sta. Teresita 45 ah pamasahe pa Iriga pala siksikan pa sa tricycle. sa Sta. Maria,17,long
1606,os nako nako ka mga pasupog ninyo haha pina babayad ninyo siton gibo ninyo na uda,16,long
1607,kamo na sanang gana mabuway ta kami ng mga consumer a makuba maghanap buhay para kaninyo. pf srp,18,long
1608,Ipinapaisi sa ngamin na miyembro ka kanatong kooperatiba na magatindir sa gigibuwun na oryentasyon manungud sa bakuna kontra sa Covid.,20,long
1609,su igante nakalunad sadto taludtod ni 'uya uru-aldow pala kinakaon kin uno kaunon ni 'uya iniinom kin uno inumon ni 'uya,21,long
1610,"pabalik-balik, su hummingbird naglalayog paiyan sa salog, nagsasaldok sa usad na tubod kin tubig saka isisigbo sadto kalayo",18,long
1611,"pag burat na naguuli, guguppan namo ni ate su pirtan ku kwarto, migputos sa isapoy, ag kumakanta sa Sarah Geronimo panglumos ka mga boses.",24,long
1612,mabuut sadit puti magayun malakbang makulur dakul tulo matamis maaba maitum gatikut Tulo a bituun sa kanatong bandira.,18,long
1613,Alimbawa Sapad sa batag Bulig sa batag Tumpok sa sibuyas Rawug sa santol Bugkus sa petchay,16,long
1614,napapadali a pagbuo o pagkalap sa impormasyon saka konklusyon ka nagbabasa saka madaling maintindiyan saka nagiging simple a mga datos na ibinababayad sa teksto.,24,long
1615,sa silong mo migdakulo man raw adi unga ko abang pigtutuldo ko 'ding rurug'gan ko sa kauyaman,17,long
1616,Kumusta man ika nguwan Handa na kang makatuud naman sa panibagong letra? Sadi modyul na adi makatutuud ika ka tamang tunog ka letrang Nn,24,long
1617,madunung matanda paborito gusto matandus maliksi A mga magkapadis na sarita na magkabaliktad a gustong sabiyun binabauy na antonyms.,19,long
1618,nata ta inarog ninyu kan c lolo pwede mn aristuhon sana bugng umabot p s pang,16,long
1619,"pakatapos, nangyari a kaniyang kinakataktan, diri, boko si agko pana sa puso ni Tarok!!! nakaasag su usa habang nagiingalo.",19,long
1620,"Ipaisi na kaipuwan na magkaagku sadiring answer sheet a lambang eskwela para sa panimulang pagsubok, mga pagsasanay saka panapos na pagsubok.",21,long
1621,"para s mga madate with candle lighting talaga, tapus s iba karapaan lang ta madiklum,",15,medium
1622,"sinasabiyan ko kamo, kin a pagkoyog ninyo ka kabutan ka diyos pareyo sana ka pagkoyog ka manga paratottoro ka layi sagkud ka manga pariseo,",24,long
1623,diri marumruman ni 'uya na kinagat niya su igin amo adto sabi ni 'uya ki mamee,16,long
1624,tapos usad na aldow kin uno man su nginangayo-ngayo nirang diri magkamatuod nagkamatuod kaya nag-iyan ako kanda sa oras kin kuno iya mag-aabot pag nag-uuli,25,long
1625,"mantang nagsasakuy sira, biglang innabot so makusug na angin sagkud apus nang matawban sa daddakulung alun so bangka nira.",19,long
1626,nagpulis para maglusi hanggang nguwan na gurang na nagparulusi sana ang gibo ko,13,medium
1627,magtubod raw ika kanako na magpapasilag adi pag agua de Mayo ag pig-uulat pa nanggad ako kadi,17,long
1628,d na utob so social distancing mga gurang p pati migpila pra makakuko sna q ayuda..,16,long
1629,madaling malingaw sadi syudad na adi-diri mag-uuran o init kin kuno dapat na mag-uran o init,16,long
1630,sa paglipas ku mga panawon su kag-igin niyang babayi ag ate Lynn niya natuod na sana ka mauban niyang kaudaan saka madalian na presensya,24,long
1631,"infairness mgpositive ka pag ngpacheck up ka kaya di mgpacheck up.. vitamins, tubig, exercise turog, ag tamang kaon mgging normal buhay ta.",22,long
1632,gahaman k man kya Solano mau k man utak pra mg pdalagan kn banwaan nkan Pili,16,long
1633,ay demonyo bga uda na ibng lalabusan kundi Bikol pg galin cton tubig agko gayud sadi,16,long
1634,dapat aware ang driver kung llan pasahero nia at check before maglarga ta nagbayad madali mn ing an anapon ninda su nagpasakay sainda .,24,long
1635,pala nagluwas iya nagtindog sadto atubangan ku kawoy ag pig-ing-ing su pagraan ku pukuapuon niyang lalaki,16,long
1636,"Agko mga gulay paryo ka sayote, mustasa, kalabasa, kamatis, sili saka mga prutas arog ka santol, mansanas, sampalok, saka mangga.",20,long
1637,"walo pa sana a edad, nasa ikatulong grado pa sana alagad malang buot, mapagpayaba, ag matinabang na igin.",18,long
1638,uda tawong deserve na guranon na basta sana lalo na kin arug man sana kan a dahilan.,17,long
1639,"bagu magkopta para makapag sine sa Legaspi City, makaun ki masiran na pansit sa intsik sa Polangui.",17,long
1640,15 days dana trabho mg Gcq pa d mgraan a tawo sa virus . mgraan sa kaalupan,17,long
1641,ya maray tabi akong duru-daragita kadto ag payaba ko si mommy saka para kanako iya a most beautiful animal on the skin of the earth,25,long
1642,nagtapos iya sa Ateneo De Naga University sa kursong Ingles ag nagpadagos sa pagaabogasiya sa unibersidad ka Pilipinas ag Far Eastern University.,22,long
1643,Dodi Fortuno kaangay mo kadi nagtataktakan pati kamo sa itsura... haha no grlfriend since birth. hehehe,16,long
1644,alagad ko mabaretaan ni Josnaso conaghahadt sadto Judea Amosi Arquelona igin ni Herodes nakatakot iyang bomalik sadto.,17,long
1645,"kun kaidto ikinakasupog ining sambiton asin ipinapangalad ining gamiton sa tawo dara kan satong pagtubod, ngunyan man lugod ini ikinukurahaw.",20,long
1646,vote wisely na sana po kita nguwan na migsunod na election. sana nakatood na kita.,15,medium
1647,grabi man permi na sna Casureco pag magsingil knamo laka stricto pero sdto mg million na utang dri nasisingil uyam.,20,long
1648,"Dawa dire nakasisiguro ka kawsa ka ubo o kalinturang an, itreat na tulos ninyo as Covid, dire pagyagayagaon.",18,long
1649,"Nabubutan kong Tita Grace, Bating Panimula Iniimbitaran ko po kamu na magiyan sa kanakong Graduation na mingyari ka Abril , alas dos sa apun.",24,long
1650,"Maray ngani an tanganing agku kita pambakal sa pagkaun, bado, abono sa mga tanum saka ika plite ninyo pagiskwela, su sabi ni Nanay niya.",24,long
1651,"a nauda so ngamin na agko ilang, sinabi ni propeta Isaias, inalin hiya so kanatung manga kaloyan, pinaray niya so kanatung manga kamatian.",23,long
1652,sadto adi ki Morallo irak man kintana kso diri po an tama manoy na piggibo mo,16,long
1653,ngaranan ninyo sir para mabisto man namo ta permi man kaming natabanan manok narakop sadto baloy,16,long
1654,naman trabaho ka sa baba gusto pa nira ipatrabaho ki Bom ... mind set ba mind set...,17,long
1655,"ta ono uda ta sadita pirme kitang nagtatanaw mantang mas masinag a aldow sa sumagang, a tubig padagos a bulos, sa masoso ag butawan?",24,long
1656,"ka mga oragon na mga egin adi ay, magaragastusan sanadi pwed man adi mkapa champion makauli man sa gold medal",20,long
1657,riprap sementong nakatugruk na nagsisirbing proteksyon o nagpupugul pag linnalangkaw o tinnataas a tubig sa usad na lugar sa panahon ka kalamidad.,22,long
1658,Tagalimpiya paralaba nagkaun labahan kaunun paragibu migkaun limpiyan gibuwun ibanan tanuman tutturuan paraugas nagiba ugasan nagsimba,16,long
1659,hirak man.. kya plan myo ning nagraramo ramo sa centro kso odma ta pigtarangal na palan.,16,long
1660,"Abilidad ka usad na tawu na maipaabut a ideya, paniniwala, nasa isip o namamatian sa paagi ka paggamit sa lengwaheng naiintindiyan ka kabisara o nagiirungug.",25,long
1661,a pagsuyo kana mga kandidato nganing itao ta a banal tang boto agko uyan nakatakod na obligasyon pag-abot ka panahon.,20,long
1662,"ta amga manok nagtutugpaan na huli gayod ta su mga apoon ta man mga parabaklay kaya diri kita natotoon, o natutuong sa sadiri tang lugar.",25,long
1663,"Naipapabayad saka napapahalagahan ta a kanatong kultura bilang usad na Pilipino sa larangan ka mga istoryang bayan paryu ka Alamat, Pabula saka mga Tula.",24,long
1664,pati mga kag agin ninyo idamay sa kasusupgan na pigibo ninyo di magpasikat kin arog sana man nyaan..,18,long
1665,"maerak mn poh kmo mga nakakataas sa mga gurang diri pag para pasakitan ah mga gurang ,,",17,long
1666,patal na tawo na nagaapon nin basura sa dagat atleast may nagibo kesa sa ibang mga nakatukaw,17,long
1667,"sarong beses kan siya magsakat sa bukid para mangua nin kahoy, siya nakaagi sin kahoy na may tulo sanang sanga.",20,long
1668,"mga driver, uda pa man quno sinda pagkaisi kaya dati pa man a singil ninda, malibong",16,long
1669,hayysstt sad! sad! sad! pag magbaha sa kababan oda na pwd maibakwaran ta pinapatag na 42,16,long
1670,"Kamuya ka upat nirang mga igin pag nababayad a lang kikintab na talong, maaabang antak, mabubutang na mga mayis saka dadakulung mga kamoteng kawuy.",24,long
1671,"magayon na anghel paitaas gikan sa tuktok kaini, solido asin an saiyang pakpak kakulor kan pigbukday na kayo.",18,long
1672,"sa awla ka sadiri ko ako migtinir, si nakaiisi ag naiisiyan, igin ag among, ata, amo yan, su katapusan ag kapinunan.",21,long
1673,Alagad kadaklan ka mga kabataan ngowan napapabayaan na a paginawa ka mga leksiyon dahil ka pagngayamun sa mobile games,19,long
1674,pero paggalin ni mamee sadto lumang baloy ni mama niya dinara niya su tulong kangayamon niya,16,long
1675,sus dito nga sa Manila mas grabi pa jan ung tipong sa sahig kna nakaupo para makauwi ka ing... hahaha,20,long
1676,"Pwede mo nang gibuwun a Pagsasanay Kin sa , balikan mo su mga aytem na sala a simbag at adalan utru muli, pagkatapos, magpadagus .",25,long
1677,minsan mababayad ko ika Juanito saka mas lalo ko ikang mababayad pag di' ta ika kinakausip,16,long
1678,A aktibong pagpapartisipar habang nagbabasa sa isturya ag pagtau sa riparu saka paguunga sa kompletong pangungusap nakakatabang para mas maiintindiyan a isturyang binabasa.,23,long
1679,diri niya narisa na nagdalugdog na sadto dakulong bato su rugo niya pala nagturo sadto tubig,16,long
1680,"bagong bag, maabang lapis puting blusa, asul na palda, makintab na itum na sapatos kamuya ni Ling Ling",18,long
1681,"Fish Landing lugar kin sari dinadaung o nagaabut a mga paraisura, migsabat sa mga migbakal sa isura.",17,long
1682,ibinase a salin na adi sa orihinal na lenggwayi ka bibliya na amo a Hebreo sagkud Griego tanganing masigoro na tama a pagsalin kadi.,24,long
1683,magkarabong kamo ni agom mo brig. gen. Usana? pasali mo ton. di mo idamay ibang tawo!,16,long
1684,hayop ka dapat kanimu tadtaron sa pino para maranasan mo man so ginibu mo ko mga gurang.,17,long
1685,diri niya sinabing minsan magngangayo-ngayo iyang nagkakaon iya sa masiram na pagkaon o natuturog sa kumportableng lugar,17,long
1686,ya nagpalusot si Iyay kanako sa pagkaon ag tubig ku turog na si daddy ku gab-ing adto pa'la kada gab-i pakatapos kadto,22,long
1687,an gabos minatapos sa liwat na pagpuon nin buhay sa mga bagong tito na iuugbon pagkalihis nin lampas kadikit sa duwang bulan.,22,long
1688,"Pag naguusay sa pagkakasunod sunod ka usad na istorya dapat tang tandaan su naunang nangyari, pangarwa, pangatlo, pangupat hanggang sa uring pangyayari sa istorya.",24,long
1689,Tinawan sira sa bitamina ku doktor saka pinarumrum na pirming magsunod ka health protocols nganing ligtas lalo na sa naglalakup na virus,22,long
1690,ano man igwa an Cam Sur para pasyaran kan mga taga Aklan? nakikiaram na kaya sa,16,long
1691,Kaipuhan po ana tabang ninyo ngamin so that we can have this beautiful chapel completed soon.,16,long
1692,"minsan, uuropluson mo a lalawgon niya, pigpangadiyon na maulian sa arog kadto, kindi talpion sana niya a kamot mo, abang pirong na mingurobngurob.",23,long
1693,ipabisto gnani ninyo para maisihan ka publiko a gnaran para maiwasan a tawong uyan.,14,medium
1694,"Makatatabang kaya adi sa paginnawa mo Markahan a lebel ka pagkaintindi mo gamit a mga minasunod. Lubos na naintindiyan, Naintindiyan, Nalibungan, Purbaran ta!",23,long
1695,ayy amu nbayad gayo yan nmu sdto compound q city hall ng kikibigkibig pa irak man sna makarecover man,19,long
1696,"Sa sobrang supug ko, sinabi ko nalang na pasinsya na po manuy saka nagpara nako dawa buku paman adtu su lugar namo.",22,long
1697,parting Bula ba an??? bka naudit na ah langit ta tinaban so paroy ko taga Bula.. tas,17,long
1698,Nagtitipuntipun a mga deboto sa Baryo ka barangay para sa dulot na pangadyiun sa pagpuun ka nasabing prusisyon na ginigibu sa salug ka San Miguel.,25,long
1699,lumalabo na mata este pag iisip. 4 nasain na an sinasabing ka fuerte kng Cam Sur?,16,long
1700,uno man ta pigrakop mga tawo isi kan legal ta sabungan tubuson yn kna kagsadire kna,16,long
1701,jusko po kaherak man kan mga gurang dapat po ini organized ng ayos d sabay sabay,16,long
1702,bwisita palan su masimot! para man pirang taon na sana itatagal ka mga gurang sadi kinaban giniraan mo pa! . yes to death penalty!!!,24,long
1703,"Ku mabayad ni Trisha si Shiela na napasilung na ku munyika niya, dalidali nya ading Mga Unga binauy ag pinauram a kanyang munyika .",24,long
1704,"Nganing madaling masimbagan a mga unga, kaipuwan tang maisiyan a gamit ka mga ungang isay, sari saka uno nganing maging interaktibo a paguunga.",23,long
1705,pa'la nagturo na su unang uran gatingay ag maluway pa'la dagos-dagos na ag pala nagbubulos na,16,long
1706,"kun wari nagiirewal iwal pero magkakasabwat man sana sinda. abu sana yan makulong, kaya gusto pa",16,long
1707,never mind them mga nega lng yan mayor .. padagus ing a maray na kaisipan mo sa,17,long
1708,"si Aprille P. Tijam ana acting director ka Ayala Museum, kasabay kadi iya man ana associate director ag pamayo ka exhibitions and collections.",23,long
1709,mga rin napoh pa so pag rapo ninyu nagbaoy na kamong pulis ditana narakop pa,15,medium
1710,"kan magkonstrak nin simbahan duman sa Nabua, dae pighiro su imahen ta pag pighihiro, igwa nagluluwas na mga halas",19,long
1711,nganing city proper sana dapat 10 ta lugi man sa 15 o 20. kin galin palan ikang,17,long
1712,2 ganyan nman lagi mga media kukunin ing mga masasamang sinabi para linlangin mga patawara ako ama!,17,long
1713,pwd man po an tanggalon dawa uda pa pulis nalo na kung kaipuhan sa tabang para,16,long
1714,uda kaya oragon na di oragan yan dapat pakabait nalng kasi para di abutin ang kamatayan dahil sa panahon ngayun subrang matatapang na,23,long
1715,minsan gusto kong putulon a bok ni 'anay labi iyang turog ta makukulgan kadi su igin na babayi pang'la tibaad gumalin na iya,23,long
1716,"ko manga panawon. naadto, nagabot si Juanna parabunyag sadto' kalangtadan ko Judea sagkud nagpoon na mangadal.",16,long
1717,Harold ara ambog mo kaya kada agko mabayad na pulis bayada namatuod kauragon man kading naisipan sabi ni Kulas paglalako kaamo ngayal!!!,22,long
1718,padagos na nagtottoro si Jesus sa pagpapangadyi magayat kamo sagkud tatawan kamo maganap kamo sagkud makatotorak kamo magtoktok kamo sagkud pigboksan kamo.,22,long
1719,saka su hormones ko baga biyong inaarangkada pa'la agko man pangangaipo a awak ko isi mo man,17,long
1720,"nya election naman baga! buto nanggad ninyo ana author kiton, amo baga yan gusto ninyo, kaya ngani amo nakatukaw,",19,long
1721,Maurut magtinda si Nanay Nita kaya man dawa bukung saud maglalaku iya sa mga paninda na nakabutang sa nigu,19,long
1722,"pati man adigs para sa uno po, pati pa naman yan papabayaran nyo pa ng tax?",16,long
1723,su lalaking papakasalan ko bagana pigsusubi-subing nagparapamarita na kapay kuno 'ko ag agko kuno alimaw sadto salog,17,long
1724,kaya maray ng magsolar ta d nagba blackout permi agko power dpa magbabayad sa,14,medium
1725,narumruman mo man ngamin na pakaraot na sinabi nira manungod sa mga dragon ag manungod kanako,16,long
1726,ag pirmi ibabalik ako ka ugot kin sari kami primerong nagkabayadan abang nag-uurow na a unang uran,17,long
1727,"Paunu magiwag a seesaw pataas pababa paratanum mga tawung nagtatanum sa mga gugulayun, paruy o iba pang pananum",18,long
1728,ta naturakan ko na a prince charming ko ag with matching fireworks show ku gab-ing adto,16,long
1729,hagdan na pinipirit bakalon so basahan niya buti ng aware aq pugol2 q so bag q sabay,17,long
1730,"panu nalang c mga dae na talaga kaya dawa magtukaw na mga senior no, thanks na sana?",17,long
1731,pwede na yn maging sudivision ta ngane bukong a mga uma a pg'tugrukan kn mga baloy.,16,long
1732,.. cguro udaman consumer na dakol a utang ta pinuputolan man tulos bga pg darwang bill na.,17,long
1733,yan pong pagenergize ka 300mva kaipuhan sa panahon tangane po masynchronize y macommission sa tamang paagui ka manufacturer's recommendation for safety and dependable usage,24,long
1734,sadto muerta Caxerex su kag-gin niyang babayi bistado na amo ina ku ranow ka Buhi kin sari su pinakasadit na isura dinakulo nang mga ampak,25,long
1735,Mga Pansalidang Bibisaranon Pansadiri Possessive pronouns. Kanako ginagamit sa pagsabi manungud sa bagay na pagsasadiri ka tawong nagbibisara.,18,long
1736,"lang sakit ka buhay nguan, mas masakit kun ika nakakulong tapos a pamilya mo uda na kinakaon..",17,long
1737,ulat iyak ko diri ako sigurado kin kiisay ako nag-iiyak 'baad sadto darwa o sadto sana usad,17,long
1738,"imbis na mabuway pa diri na ta di muna kuno tangalon, napauno na sna su first aid",17,long
1739,"mga nguod ,, kin mga addict 0 mga naiinghit su mga nggibo qton.. dri iasa sna sa",17,long
1740,pag ah barita aksidente or badilan kagagatikot ka paliwanag ninyo pero an susmaryusep na explanation time to leave on this group.!,21,long
1741,d nakaiba sa Tokyo Olympic deligates kaya sira sira na sna nagwreslingan baka makabawi,14,medium
1742,hanep talaga kung pinagsave tulos u pinsan q may ambulance na dri pa nira tinabangan,15,medium
1743,"anu nanaman daw mga naiisipan kaini perwisyo nanaman ini galaw galaw mga provincial goverment ng Cam Sur,",17,long
1744,rugang pa sadto pag-istorya nira manungod ka problema nira sa salud kaya nirang daugon sa tsimisan si ate Luds o si Cristy Fermin,23,long
1745,"Panguri a bauy ka mga sasaritaun na naglaladawan sa kolor, duag, korte, tekstura, temperatura o pagmati ka pangngaran o pangngalan.",20,long
1746,dulsi Albay botika Kathryn Bernardo lawa Tiyak na pangngaran Di tiyak na pangngaran Ipabasa sa kagigin a mga sarita sa kawun,21,long
1747,tawo na talagang dae mapatupi asin deretso an pagtindog maski anong kosog kan paros na hale sa administrasyon provincial,19,long
1748,haha... bobong magnanakaw! mas madali tabanun na buo a motor kisa migkalas paka kan makuko sana gulong.. gutal,18,long
1749,"Kada pagiiyan ni Onin sa baybayun, pirmi man niyang daradara a sadit niyang orasan ta paguorasan niya a pagsulnud ka alduw.",21,long
1750,ngayo-ngayo na akong pinur-baran niya 'kong lumuson sa drum o sadto salog kintana 'nganing nakarait man kintana ako na buko akong lalaki kindi sirena po,25,long
1751,agko napo curfew pag gabi bawal sinda lumuwas tsaka migpabakuna napo sinda tapos migsecure pa po icontact ki Mayora wy,20,long
1752,"usad na parakasala na gustong magbakle ka buway nuya kaya lang ultimo na adtong pagkakataon, kaya sinamantala na niya na makiusip ki Hesus.",23,long
1753,nayku man... sana ipinanao na sana dina sana pina arug kan irakman ka igen na uda,16,long
1754,"umagongong man iya sa kanta nganing makaturog ika, sasabayan, na ana silong sa luwas ka bintana, sa lang linaw na langit, sa bana kayong panganoron.",25,long
1755,yn kapag may madiskwedo nman jn na mga tao csay nman kaan ang sisihin tano kaya t tigtugutan yn na magquarry jn.,22,long
1756,"A pamilya Tuazon bistong paratanom agko tanom na mga talong, okra, karabasa, tabayag, katnga, ag iba pa.",17,long
1757,"alam na, an korapsyon ay nakaabang ta harani na ang election nagkukua nang budget. lols",15,long
1758,nagtawa pala nagsabing i can't believe it pa'la tawa pa'la sabing yes faster than four o-clock bago niya 'di mabawi,20,long
1759,"buko ta binayaran kita, buko ta agko kita utang na boot, buko ta irensya ta. . . kundi sa kagustuwan tang magin maray a kanatong banwaan.",26,extended
1760,sa way from Balatan. kaibana ang kanding na lunad sa motor ang ipag ngalas ing ngata,16,long
1761,pauli naraw kamo pag sapna tapos magbasing sa natad nnyo namuya pa mga kag egin,15,medium
1762,Mangnun kin unung panlapi a itinugbung sa root word na agku kurit kin sa unaan isurat a unlapi kin sa uriyan isurat a hulapi,24,long
1763,iton ayuda skilong bugas uda panura paunu man su pamilya na mauodaan nanaman sa hanao buhay ngoan na Gcq.. meg alop,21,long
1764,nakasilong iya labing su padre Bobby tiniklod para ibutang su angog niya sadto buros ni Mary iningang paluog nangungubog-kubog ka kagustuwan ku rugo niya,24,long
1765,"Learners Packet sa Kwarter, Bilang Ngaran Petsa Naggagamit kita sa magagalang na saritaon o ekspresyon kin nagtatao kita sa reaksiyon ka sinasabi ka iba.",24,long
1766,"Pangabay na Adverb, Pamanahon na Panlunan Pamaraan Frequency udma nganud sapun nguwan alas dose sa salug sa ospital sa irarum.",20,long
1767,so funny a protocol ninyo mga sir dawa palan magholding hands kung magagom rakupon.,14,medium
1768,isi ko laka pang-bagets pero ku nagdadakulo kaya ako si Aga Muhlach su crush-ng-bayan pero nguwan si yummy-ulam-pahingi-pa-ng-kanin papa Piolo Pascual,21,long
1769,pakatapos man ka ngamin tatawan niya ko sa sintabo tanganing magparapakibisara sana kanako ag diri makipagdaliyan kanako,17,long
1770,an ngaran kan sa palayaw Bitong so kaparataban bukod kan manyakis pa igen an ni Tekla sa zone 5,19,long
1771,Paginawan Mo Basawun a mga parirala sa luug ka basket sa plato sa irarum ka lamesa sa bitnga ka darwang ulaan sa ibabuw ka aparadur,25,long
1772,rugang pa nira na a ugot kuno magluluwas sadto istaran niya 'nganing maglangoy ag manginaon sadto puro ka salog ta kan sana magrararom a tubig,25,long
1773,amo sana kintana di panawon na masasadiri ko ding salog ag rinaot mo pa sabi niya,16,long
1774,pagal na iya ag mas gurang pa sa gurang gusto na niyang magretiro pa'la magraan tabi,16,long
1775,su nagsurang nang lakadakulong berdeng bukol nang-intrimis dilaan mo ta mala mong raot saka la mo kakusong na igin,19,long
1776,"Balikan su Naturan Base sa nababayad mo sa ritratu, kaya mo raw na pasunodsunurun a pangyayari Ari a una, ikarwa, ikatlu saka uri.",23,long
1777,pa'la inatras adi pigsilngan su 6' saka 6'1 na mamula-mulang bulaw nirang kulit sa awak pangalas pirmi 'kong lingaw kin gaumno kamong darwa kalangkaw,24,long
1778,"iiyo tabi nakaon, an kinunut na pating ay mas marhay lalo na medyo maharang saka nglalanalana sa leputok",18,long
1779,A darwang antas na balangkas agku darwang pamayung paksa na ginagamitan sa numerong Romano,14,medium
1780,saimu hehehee pero bbcitahon tka sa Bula Mpcs saaga ta mafile man kmi ni reklamo,15,medium
1781,kay rakan sa dios baloy po iton ki amang dios respeto man po... buko po iton na,17,long
1782,na raw amo mn yan tinaban ku mga battery ka truck namo uno raw itsura kahan baad,17,long
1783,Dakol po kami migbyahe su kayang per head lang or lower po pamasahe. pa pm po ako para makapagusip kita salamat,21,long
1784,gusto ko iyang sabiyan na su igin niya diri nagraan na solo na kaibanan niya ako,16,long
1785,Mamawuw na kamo Ini man sa kaabay Mga parabakal ko Parung na maamut sa maray Amu adi a pansit Bato Tsokolate baga Mabubusog kamo.,24,long
1786,ay ano na? uno po a action kadi ka mga kapulisan ag bray opisyal...? magtarabang na.,16,long
1787,"pagsasadiri man niya tas saka nagkomento sa Facebook lang pagal pagra isipon ka mga ugali ka Pinoy,",17,long
1788,"Inibanan ku gurang si Ibaro paiyan sa tamang raran pauli sadto kanda, kaya kamuya niya na nagistorya ki Nanay Ester pagabot niya sadto kanda.",24,long
1789,nagrapo adi sadto tisong na pigura niya 'nganing iiba iya pabalik sadto luog ku baloy ag sabiyan na mig-abot na si mama niya kinaugmaan,24,long
1790,"butangan pa sa gatikat na turo kin gatas. nguwan, maiiling mo na a solo sa baso kolor asul.",18,long
1791,ilion a tamang pamilang o counter ka mga sumunod na pangngalan na diri nabibilang o mass nouns sa luog ka kawon tanganing makumpleto a pangungusap.,25,long
1792,pa'la pinugong niya su nganga niya ku usad na kamot labing napakapot man ki iyay su usad,17,long
1793,"bayaan natin sila quite na lang tayo mga amigo, totoo na ba silang dalawang magamo ang magteam for president and vice ?",22,long
1794,"ipapalit jan si mga kaalyado ninda, dae man pwede na mayong J. o ta kukulangon sinda",16,long
1795,"Bilugan a tamang ngaran ka ritrato. bag ba nig abaniko nuyug abab natuk kanun ibus isura igin, gurang, nanay, payu, ikug, tiil,",22,long
1796,mga kaarakan! amoton so mga igen na mga bata sana nasa utak. di iniisip kin pauno,16,long
1797,baad istoryawan ko iya manungod ka dvds ag ka internet ag ipods ag kin uno pa,16,long
1798,nag-ayat sa dispensa si Sonny labing renisibe ni Mary su gakos ni padre Bobby saka su darwang luway na tapi sadto payo niya,23,long
1799,ayyy iba din. 1k per hour. tubong lugaw naman ang tent nindong anhu egde mararahay ang mga Covid patient pag sa tent na admit Jhonny,25,long
1800,Agko po sticker sa mismong likod ku phone then su case po nya clear lang po na agko gatikot na drawing.,21,long
1801,masiram yan kamote sinapna pinalaman. ning bukayo sa laog kan buwang na sinapna na kamo apod kaa namo baw!!!,19,long
1802,"dapat amay alas 500 am, magsabe na bukong kin ari so mga nkaloog na so mga",16,long
1803,amo man iton puro na sana mga patayan ana nangyayari sade Pinas esus kita baga na,16,long
1804,nauda na 'ko sa bilang ag nagpundo na 'kong magpara-isip na agko mingyari pa kanamong darwa,16,long
1805,sobra ka strikto sa bayad ata naginterest man sa 10 after due date tapos pag uda kuryente uda man cra tubig....,21,long
1806,ni nungkang pinurbaran iya kadi-si Sonny'ng dungas buko man malakadungas-ta isi niyang titigbakon iya ni padre Bobby,17,long
1807,haiisst. panraot man tabi kamo sa appliances . amo po an usad sa dahilan ngata naraot so piso vendo namo migbrownout tas biglang balik ..,25,long
1808,sadi Iriga kuno man mababago. agko na klase sa private. dapat ibalik na sa dati. an,16,long
1809,"kumuku magbubu magsagub ka sa balde, ika sa tubig saka ika ka masitas. . maturug maglabar magsalida saka ka pagtapos na ka talawud na.",24,long
1810,Inunga ni Mrs. Velasco su klase niya sa Grade Pilar ka pinakagusto nirang ngayamun sa Laro ng Lahi.,18,long
1811,pag-agi sa pirang aldow kaparong ko naman sira kaya nagdesisyon na 'kong kausipon na sana sira,16,long
1812,mahigpit pag uda helmit. pero senda ngani dae naggegebu kan pinatutupad nindang batas!! palpalon na marayn,16,long
1813,mao mayun p kmi sade tinago ko na a simple remembrance fr my parents at sa aming,17,long
1814,pero bago iya magluog sadto pulang pigtataklang trangkahan mikimairak iya ki mama niya na diri iya ipagtagak,17,long
1815,"lintian ako kaninyo, kamo ay pauli na raw ta namamarong na hahahahahahahaha",12,long
1816,lu ng gad inabut ko nyan grabi palapa langkuy so ilaw mi halabaon baga para mka abut,17,long
1817,a pag-aguman nira kintana kamurawayan para sa muerta Caxerex kindi kin uno man su nangyari 300 taon na nakaagi diri na dapat mangyari utro,24,long
1818,Unang Silaba Pandiwa batang bayad ubos nagin na ba ba u nagbabatang binababayad nauubos .,15,medium
1819,paguna q sadi sana Manila agko mga napagbudol budol saka die hard fanatic. agko man palan nagka pira pira siton Bicol.,21,long
1820,"Sa pag iistorya dapat agku tamang kusug sa boses, tamang ekspresyun ka lalawgun, kin pwede ngani magaksyon tanganing magayun pagsilngan o pag irunggun.",23,long
1821,payaba ku igin na babayi su pukuapuon niyang lalaki pati su mga istorya na ipagpaparaistorya kanya,16,long
1822,pirming sinasabiyan ni Mamee si 'uya na magkaon sa dakol tapos inumon su baytamins niya pirmi,16,long
1823,diri mommy sadi ako ngurob-ngurob niya pala su sadit mamundo niyang awak tinalikod 'nganing mag-agi parayo,16,long
1824,"hahaha, igot igot ka naman andaya, ulay mo may magiginibo kaman jan. umuli kana daw ta mayo kaman mahahaman jan, papansin ka lang.",23,long
1825,ngamin tutok sana sa sadiri ag ngamin sana transaksyon amo yan si padre Bobby puon sa kapinuonan,17,long
1826,su Leni ninyo miggobernador na daa ta mayo na maiiscam sa 2022 patal kaya.,14,medium
1827,Mas makusug magistorya pautal utal magsarita nagtatangis na nangangadyi pinakamatibay magsimbag mas malinaw na magpaliwanag .,16,long
1828,"ya sige po pa sige ya a nga nga mo ta maray gaud ika ta madunong,",16,long
1829,su kag-igin niyang babayi nag-iyan sadto banwaan na arani sa dagat sadto Bicol Kinaramragan naglunad sa bus hganing kuon su bangkay ku igin niyang babayi,25,long
1830,si 'uya malang niwang saka sadit ag malungsi bukong arog ka mga kagrado ag kangayamon niya,16,long
1831,same in Nabua ngiri pati ka on and off ka kuryente ta tlagang kapa raot sa gamit!,17,long
1832,amuyan so di nadara sa kagow dinadara sa suka ta magatul talaga nagpakagow nasana sa iba dapat kan dinagsan na pareho,21,long
1833,Sabi ku upos Dodi kadakul mong pagkaon san babawgan pwede akong makaayat sa pagkaon para sa ngod kong agko ilang Simbag ni Dodi Abo ko,25,long
1834,nabayad ni nana Kuring na piggukpan ku igin su nganga niya ag tinulon su mga luwa niya,17,long
1835,premarital sex is a sin. abortion is a sin kin karabet pa lalong mortal sin. jusko. taga isip,18,long
1836,"kamo raw magmantini sa mga checkpoints kin diri makilas mga mata ninyo sa libo libong lunadan na dapat ninyong siyasatin, aber baya",22,long
1837,ta pg basol p daa aki q na dae kya daa kmi nagtatao nin tamang kunsomo.,16,long
1838,gayun ka auto pero di tattao magbasa ka nakabutang sa gate kapatal mana masimot na kagsadiri yan ka Xpander,19,long
1839,"pagkatapos, itinutturo ku gurang su maduduag na pedaso sa yelo sadto kuweba sabay sabing binabaoy namo ading yelo.",18,long
1840,"Direksiyon Nakapurut na ka sa sintabu Unu ibinalik mo sa kagsadiri Sige, Baydun ta kin paryu kamo sa ginibu ni Pablo.",21,long
1841,"a pagluwas kading librong adi, dakulang utang na boot ko ki Kristian Cordero ag a bagong butwang Agnus Press.",19,long
1842,"kayat-kayat na mga basura, mga kanal na mga sungsong, kalye na puno kin mga paninda, para-padyak ka mga baralanggado la paka-linya.",21,long
1843,buong gabi sirang padagos na nagdugkal sapararom sanang pararom na lubot sadto raga maanapan sana su misteryosong binhi.,18,long
1844,"paraparaan ing tlaga kng gstong mkapagtapos , bb ingat ing ta dios ko ang panahon ngonian grabi sna may kaibahan ka mn lng jan,",24,long
1845,an kyang nakabunggo an pisti bga yn prang kagsaderi ka tinampo dinayaan mo buway ka barkada,16,long
1846,"Irunggun Tula Ako Malinig Ni Kima F. Peero Ako malinig Usay akong magbadu Pirming maamut, malinig puun tiil anggan payu",20,long
1847,"kamotengkawuy usad na klase sa duma o pagkaun na ginigibung linubak, tinatanok a laman o ginugulay a dawun",18,long
1848,a sobrang angsa sadi ubaliw isusubol ikang maglaom sa luog ka pridyider o maglubto sa salog pinili ko su uri,20,long
1849,pigtrato niya 'kong bagana prinsesa pakatapos ka normal na rabungan manungod kadi ag kan na chorva,16,long
1850,"magayun, masiram, tsinelas, perpekto, ararum , pritus, trabawu, praktikal, gripo, burak, nganud, barangay. Basawun a istorya ag intindiyun .",19,long
1851,nmo kdto. nsa giilid kmi kdto nttnaw ang cokgante na uyan. png yri adto dali dali km naguli ni lola. .,21,long
1852,oy mga diday pumundo kamo sa ngutab ngutab na keso peke ana statistics na uda man talaga Covid sini Cam. Sur,21,long
1853,pala nag-iwag su kamot ku demonyo pababa sadto nagsisipang mga tiil ni Mamee nabayad ako ni Mamee,17,long
1854,"Usad na bagyong nginaranan sa Tobing, na nagdadara sa makusug na uran saka angin a inaasahan na migabot ka sumunod na alduw sadi Kabikulan.",24,long
1855,"buhay kita dai ta pwede ang sala na gibo kan aki tama sa mata sala sala , lalo nasa",19,long
1856,"A mga bote, lata, plastik, garapa saka lumang yero sim mga halimbawa ka diri nalulupang basura.",16,long
1857,pa'la namangno ko na solo na sana palan ako-kaiba su mga kinakataktan namata nang mga manok,16,long
1858,sa pagtapos ku usad na tag-init paglabos sa unom taon inundo nang magparakubog-kubog si papa ton niya,17,long
1859,bangag ika toy grabeh d nayka nairak kdi mga gurang eto itsura mu d miggibo samaray Hudas Barabas ika,19,long
1860,pigngungusngos ko 'ding ngabil ko sa pag-ultanan ka pagrait pa'la tatawban ko 'ding nganga ko pa'la mig-upak pa'la mig-ulangto pala uutruwon adi ngamin,23,long
1861,ospetal dagos ko sadi Baguio arayo pa sa pedestrian lane ana mga awto mismo migpundo na sira agko desiplina gy,20,long
1862,"Opo, Lola, biglang nasabi nira Dumang inaanapanap namu talaga Ta adtu mga masisiram saka kanamong paborito pa",17,long
1863,binubunyagan ko kamo sa tobig na tanda ka kaninyong pagsulsul sagkud pagtalikokod'sa kasa a bado ni Juan gib adakul ko manga pariseo,22,long
1864,uda iya pamilya ag diri niya marumruman na nagkaagko iya kadi lain sana kadtong babaying adto,16,long
1865,Baao pisari na kita our senior citizens church groups womens groups ag iba pa uno basang po kita,18,long
1866,"uda nagtatagab'boisa bagong tela sa usad na lomang bado ta aitinagab'bo amo man sanaa gomagasi ko lomang bado, kaya orog pang lomalakbang a gasi.",24,long
1867,"permi mn dawa uda cut na fiber wire, taz pag nireport di prin maapprove for bill",16,long
1868,mga pukuapuon niya adtong lalaki saka amo man a mga amigo niya sadto ubaliw kaya pagkakausipon iya,17,long
1869,pagnarakop di pag guranon putulan na sanang payo payo tani habang buhay niya pagdusahan kamanyakan niya,16,long
1870,harani naman election let the people of Pili decide for the while baba na nguna si acting....,17,long
1871,mga tawo talaga ay! dmu isi kin mairak ika o mbabadtrip paika sa kapatalan.. atang ika,16,long
1872,nagpundo na 'kong magsupong kading mesh-shirts ko ta sabi nira buko kuno 'kong magayon na supong adi,17,long
1873,ai grabi nmn yan. artistahin c father. kaya pala ige puno cmbahan pag father nagma mass.,16,long
1874,"tsk tsk irak man, an pamasahi ay purmedyo sana sa 20 pesos gayud ku pasahero agku nagraan ag gin niraan.",20,long
1875,maga politiko iniisip lang ninda mga pang sadiri interest arani na kaya election kaya need na makakuku sa dakulong fund. hahaha,21,long
1876,justice please para k Trexia Mae Samson 43 ka sulo solong egin niya tapos arog kan ginibo kanimos,18,long
1877,marasa pang doh an hoy itao nindo an na toltol sa mga frontliners ta eu an nagapagal,17,long
1878,Uno man su pansalidang sasaritaon na ginamit ni Liza manungod sa alkansya ni Kristel Kin naintindiyan mo saka handa na kang simbagan a mga gigibuwon,25,long
1879,masupog knal gabos na niloko mo s kahambugan mo gurang k takot kang makasuhan ta dakul na nakurakot mo!!!,19,long
1880,arog talaga yan kayan ipaabot na tabi sa sa national ta grabi nang pa ngungurakot yan,16,long
1881,Alimbawa Maria Milo Bicol Martes Pablo Surf Naga Enero Dapat agku espasyo sa pagitan ka mga sarita.,17,long
1882,let the money talk begin. imbes na house to house distribution abo na mg pagal uyan na mga lgu officials,20,long
1883,nanay mas better po na dina ninyo pakawalan a ayam tas tutukan niyo po a maapros niva ta baka mainfect,20,long
1884,isinalya 'ko sadto pinakaaraning lauman na bagana 'ko linaom sa bartolina labing nakakapot ako ag nagsisirang sadto ringring na kawayan,20,long
1885,Casureco 3 sa ibang source na kin esay pa pwede magsupply sadi Rinconada area sa,15,medium
1886,salute to all the Panda riders na tumulongg hain na daw an van driver dae lamang hiniling so saiyang pasaheros,20,long
1887,kin ako magawol na ako magtinda na sana kamo sa pansit inulas sa kanto,14,medium
1888,sa mga bagay na a ngaran nagpupuon sa tunog b. bola burak Learning Competencies Give the name and sound of each letter .,23,long
1889,kin makakapagngayo-ngayo sana 'ko migngayo ngayo akong sa ngamin niyang pinagngayo-ngayo su pinakauri niya nagin matuod,16,long
1890,pinipirit ko pa man maintidihan kintana kaso di talaga ko makaintindi kiton English na iton,15,medium
1891,"Pagkabi tin a letra saka a ri trato na nagpupuon sa tunog na Yy, Uu, Tt saka Bb.",18,long
1892,"usad na aldow, usad na igin na lalake na mahilig magpara arogarog ki sarikaw a nagiyan sadto baba ka bukid sumagang para anapon su paraayam.",25,long
1893,"Baao uno na uran uran sana baga baha na tulos, uban na ding problema uda pa",16,long
1894,"Pandiwang Mga Irinurugang na Mingrayi pa sana Time Signal Panlapi mga pandiwang udma, nganud, Mig, ma, saka mi gigibun pa sana ka usad na semana,",25,long
1895,"narungog niya na nagngabil su babaye, dapat pigtibaad nguwan, naglalaom iya na irongon iya ni Sarikaw ta engkantada na mismo a nakikipagusip kaniya.",23,long
1896,kinaputan ni nana Kuring su abaga niya ag dinara iya sadto bukal kin sari iya pigrigos pala pinunasan su luwa ag rugo sadto nganga niya,25,long
1897,pa'la nag-abot na su mga pararakop sa ayop ag mga turista ngamin gusto sa palas ku ugot,17,long
1898,labu labuha sna nyo pgtaas sn mn sna kamo maray Casureco 111 pero ito serbisyo nyo palpak pangangala brown out.,20,long
1899,"Tattau na raw ika ka bago tang leksyon Silngan ta raw Panuto Baydun a mga ritratu sa ibaba, piliun kin unu kasarian kadi.",23,long
1900,resulta no choice anamga kabayan ta miguli na sana ta kin magalup so dina po kita pwd magbarasulan,18,long
1901,dina basang ako naniwala kiton Covid iton 100 gpiton bareta ngamin ctun tv puro botig pati mga announcer botigon ta siniswelduhan pwede pa una mga panahon na adi dina basanang puro butigon sa ngaran sa kwarta,36,extended
1902,"kaya sa election, vote wisely acting palang yan pero grabe na tulos an pasali dae na naherak sa mga maudaan nin trabaho pandemya paman ding masakit makahanap nin trabaho basta basta.",31,extended
1903,Dios maray na alduw kanimo igin kumusta ika ka pandemic na nararanasan ta nguwan na panawun nasa new normal kita nguwan kaya a modyul na adi makatatabang kanimo para maipadagus mo a kanimong pageskwela o paginawa,36,extended
1904,"we isusunod na ang Mt. Asog. hahahaha. isi na kin kiisay eton. land grabber na, may illegal quarry pa. dri basang isi ka tawo kin gaumno katarantado mga tawong eton.",30,extended
1905,"kusogboot na naninirbiyan sa mga among dayuhan, a mga kagigin o igin ta, por medyo raw sana sa dolyar o nganing pagmagbalikbayan agko ipaiinom sa mga binayaan, stateside na alak ag sigarilyo para sam ga istambay?",36,extended
1906,tumakin kamo o kaya ingab ingabon ninyo ana angin sa ward anggan bumutog ton na mga buros ninyo pala ulaton ninyo lampas 1 week pala magcomment kamo sadi ulit kin baga man peke ana Covid situation ka,37,extended
1907,anggan su pang-unom niya kadtong aldow 'a adto naggalin na-ading kabangang-babayi ag kabangang-tawong lipod na kaipwanan a sustansya ka suso niya-sinimbag su baoy pa'la narungog si Sonny sadi na iya gusto ikang mabayad,33,extended
1908,kin makakapagngayo-ngayo sana ako migngayo-ngayo akong su mga bagay-bagay iba man kinatapusan saka 'nganing a mga tawo diri iya malingawan pati na adtong ibang mga kaubinan mala pa ka mga ubin arog niya o mamatian ading nagmundo nang uda kamalmagan,40,extended
1909,lyan ang totoong leader. ngunyan po na acting mayor ka pa sana pano kami matiwala saimo? kung arog kayan ang ginibo? sarong banwaan sana kita pero kung tratohon mo ang kapwa mo garu si bako kitang sarong banwaan.,38,extended
1910,pag uuna man ninda pag mka ticket bgana pirmi agko pa raffle. kung mg check point ngani buko motor sana ngamin na behikulo. puro kya porma bgana spot.,28,extended
1911,nguwan sige sana niya patianod sa mga edipisyo kading Sunshine Consortium sadi kapitolyo na agko nakasungsong na headset tapos nagiging bampirang ba'na robot guru-gab-i ta amo dikta ka ekonomiya saka ka libertidad,32,extended
1912,"Ako man nagtatao sa masiram na karne, itlog saka pigkakaon ko a mga sadit na reptilya , ampibyan ag ulod na peste sa mga pananom, kaya dapat diri kita magrarabong, a paliwanag ni pabo sa kapwa niya bayong.",38,extended
1913,"Pag ngumon ngumon tin' nakad nako sa bugas Tulong utsaba, ibinutang ko sadto nigo Tinawupan ko, pala ipinalis ko sadto kaldero Sinawsawan ko, sinukol ko so tubig pala sinunad ko.",30,extended
1914,"paggalin ku mga bantay bukid, nakaingainga sa ararom si Anopol saka si Tangid. isi na nira a kasimbagan ku kinatatakutan nira, kaya ku gabi, katuninong nirang pignagsilngan su bulan saka su mga bituon.",33,extended
1915,mostly amu yan problem sadii Iriga kadaklan sa mga driver diri tatao magbasa ta agko na ngani nakabutang na no parking mga nakapark pa taz di man rinarakop ka mga Csu ta mga takot pero pagmga tricycle automatic rinrakop.,39,extended
1916,"Kwarter , Bilang Ngaran Grado saka Seksyon Petsa Sa leksyon na adi matuturan mo kin unuunu a ibaibang parte ka dyayro o newspaper saka kin unong mga impormasyon a maaanap mo sa lambang parte ka dyaryo.",36,extended
1917,si Mary na interong diri pigsisisino si Bobby sinnilung man nangga'd kanya pa'la inarukan su nagru-rugo niyang mga kamot pa'la nagngisi ki Sonny saka lininggan su lalawgon niya kaya su tulo nagin mag-amigo puon kadto,35,extended
1918,"sa kagabsan, gana si Andaya sa st dist, 2nd, 3rd asin lalo na partido sa pagtabang ni Fuentebella, alagad, grabe so inilamang sa Rinconada na tinapalan gabos na ibang distrito kun saen guminana si Andaya.",35,extended
1919,uban na pong nagparadistribute a Lgu Iriga sa mga pananom kaya natural lang po na dakol a gugusihon lalo na ko nagkapandemic nagparadistribute po sira puon kadto hanggang nguwan sige sige po a panao nira sa pananom,37,extended
1920,Puun kadtu diri na muna si Mica nakingayamun sa mga kaiginan sadtu pagabayan nira ta kontento na iya ku kanyang munyika saka pigmamantinir nira a kalinigan sa kapalibutan para makalikay ka nagluluyap na pandemya.,34,extended
1921,"Adtung burak man adto a nagpatubod ko sadiri ta. na ku kita mapadapla, ag nakagat a ngabil, pigsupsop ta na sana su saditing rugo, di kita nagbura ta baka marungog ni amay lamasa pa abot ta",36,extended
1922,"Tapos na ikang magbayad, saring karatula label a tamang lalabusan paluwas Inihanda ni Ma. Hariette V. Baaga Guro , Manunulat Santiago Old Elementary School, Nabua East District",27,extended
1923,ay 'gayon ngamin adtong ribok a nagpadali-dali ki Mommy Dearest pabalik sadto kwarto sinusunod si Lyay ta nagngangalas sira kin siisay man sa langit ag sa manok ni San Pedro a nagbubuno sa manok kuno sadto kwarto,37,extended
1924,"Paratanum migtanum nagtanum Panlapi o affixes letra, pantig, kataga, o mga kataga na pigtutugbung sa ugat na sarita o binabauy na salitang ugat sa Filipino tanganing makabuo sa usad na sarita Prefix o Suffix.",34,extended
1925,pig-isip ko man na malalamasa 'ko ku paraaling gamit su bugtong - su manipis na kalap na binirib'dan a puro sa lubid na abaka - na piggagamit nirang panakot kanamo pero panlapdos sa damulag 'nganing umiwag,36,extended
1926,agko 'ko poster nira sa kwarto ko kaibanan su White Lion Skid Row Metallica pa'la Bon Jovi pa'la nag-uyon si daddy na ngamin sira machong pagsilngan dawa na a iba kanda maaba a bok ag maati ag demonyong pagsilngan,39,extended
1927,"A magngungud na sira Kuya Mark, Ate Mica ag Letty nagtatabang man sira sa mga gibuwun sa baluy arug ka mannugas ka kinanan, pagsigkid ag pagbubu ka mga tanum na masitas ag mga gulayun sa natad nira.",37,extended
1928,pero si padre Bobby igin man ka kag-igin niyang lalaki kaya a rugo niya maaling ba'na sili ag a rugo niya pirming babaoy ki Mary ading diri niya pwedeng ma-kuko ta amo a piniling igin na babyi ni Nuestra Senora,40,extended
1929,su pangarwang beses ko iyang nabayad nagtuytoy ako sa kaabaan ku taludtod niya na puno sa lumot na bagana bato alagad bagana guma sa pagmati pigsusukol ko 'ya kaiba su ikog niya gamit su plastik na ruler na dara ko,40,extended
1930,urusad na sinuportaran sapaagi ka pagapprobar ka Sangguniang Bayan a kanatong Annual Budget na nagkakantidad sa Three Hundred Fifty One Million Eight Hundred Seventy Five Thousand Three Hundred Fifty Eight Pesos,31,extended
1931,pinangigin iya ta su kag-igin niyang babayi ag lalaki pariyong 35 nagngayo-ngayo na a pagkabuot nira magin laman biyong ka mga muya na nagkaturakan sirang darwa pagkatapos na makisuwayan sadto mga dating agom nira,34,extended
1932,"amo arog bga san my banggera tpos dulay yan ang gamit mi kadto nbagsakan nn paril ginaba nn bagyo diit depirencia ndamay kota c ttay ga buhok , ga nawe sabi cn mga lolo at lola runot an dulay.",39,extended
1933,"nagibo niya ding matrayumpo sa lenggwaheng nagaguman su bisto ag estranyo, su luma ag kontemporaryo, su maugma ag malipungow sa espasyo ag turos ka speculative fiction.",26,extended
1934,Kunu dapat magugas sa kamot para malikayan a paglakup ka virus Bago saka pagkatapos magpreparar ka pagkaun Bago magkaun Bago saka pagkatapos na magbantay sa nagiilang Pagkataos maggamit sa banyo Pagkatapos na magubu saka magatsing Balikan a Naturan .,39,extended
1935,"isay raw yan ai, by the way congrats po .. deserve nyo po na mnalo alam qng maraming pera na rin po ang nggastos nyo bgo keo nanlo ng ganitong jocpot,,,",31,extended
1936,pwede man po kaya halion an barikada kan kampo kan army sa harap kan Deped diyan ta iyo an saro sa bottle neck diyan pwera pa kan sa kanto pacapitol.,30,extended
1937,"Para masimbagan ta a mga unga saka maitau a detalye ka narungug tang istorya, dapat tang simbagan a unga na Siisay, Unu, Sari, Kunu, Taunu Siisay naguunga manungud sa tawu o ayup",32,extended
1938,"umatubang ika sadto gurang. uda ika simbag, pero uunaun mo pa nanggad kin ngata ngamin na maray na tawo, nagrurulukutan a kulit sa lalawgon, liog, tiil, mga kamot, namumuti ana nagninipis na buk ag nakukuba ka paglabos ka panawon.",39,extended
1939,kya kmi digdi s Iriga dae na mananggad mpauto s mga abusadong politiko maray ngani na ipahiling na ninda ay mga bulok na pg wugali para an mga tawo mamulat s para s mlapit. ng eleksyun ilampaso sinda,38,extended
1940,putang ina kakapayan su mga agku salang gibu a pang rakpun ninyu arug ka mataban tulak sa druga kriminal amu yan a tawan ninyu sa aksyon kapatal man ka nakaisip kadi bagana utok lanag labnaw,35,extended
1941,serbisyo po!. newly replaced 300mva transformer po na dapat masunod so manufacturer's recommendation kin paono maenergize tangane macommission sagcod magserbisyo sadi grid ka nasasakopan na halos enterong Camarines Sur.,29,extended
1942,si padre Bobby isinalbar iya sadto mga bisyong mana ka rugong kapre niya adtong aso galin sa pipa na pamana ka lahi niyang pigprasadol ku mga kagurangnan ka kristal kadtong gera sa mga kanto sa triangulo,36,extended
1943,pa'la usad na aldow nagkaagko problema su ka-pangyariyan sa aswang ni Iyay ag nabayad ako ni daddy na nakasupong ku tuwalya lipstick palda ag heels pa'la nagrarampa na bagana si mother Melanie Marquez sa atubangan ku salming,37,extended
1944,maray ayatan sa marriage license ngarig maisyan kung magagom o magcram sana kasayon Covid na kauragan kng virus talaga yan tigbak ngamin na tinamaan kan pati kya trangkaso sna Covid na,31,extended
1945,solo sana iya nag-aagung-ong sa uda man malmag na tono labing nakaukrong sadto darwang libro manungod sa mga engkanto saka su nagrunggal nang mga ngayamnan nagdodrowing sadto kopon ban gamit su itom na krayola,34,extended
1946,"sagkud ilubung so kanakung ama alagad sinabiyan iya ni J Esus, somonod ika kanaku sagkud pabayaan mong a manga guraan a maglubung ka sadiri nirang manga guraan. .",28,extended
1947,"an orihinal na kahulugan kan tataramon na 'kirag' mabalik sa sato sarong esensyal na peministang katotoohan: babaying ayam sana an nagkikirag, an lalaking ayam dai, alagad an lalaking ayam an naghahanap sa babayi.",33,extended
1948,"a iba sa manga bersikolo o osipun, nakapaluug sa manga braket na a buut sabiyun kadi, a manga bible scholars, agko manga kaongaan sa authenticity ka manga passages na adi.",30,extended
1949,"Usad na alduw, Si Ben galin sa iskwilan, agku iya nasabat na usad na parauma na kanasasakitan sa pagdara ka sinakung paruy, diri iya nagdarwang isip na tabangan adi, binuligan niya anggan sa makaabut sa terminal.",36,extended
1950,pa'la manungod na sa vhs players ag laser discs high school crushes kin paunong ma-in love ki Kurt Cobain pagbasa sa Sweet Dreams ag Sweet Valley ag Mills Boon ag magkaulangan,31,extended
1951,"rugang pa suyan kanyang mga panakademikong pagiingoa, nagseserbi man iyang literary editor ka the Spark, a opisyal na pan komunidad ag panestudyanteng, publikasyon ka Cspc.",25,long
1952,Kaya pangadyi ko ki Amang Diyos Corona Virus maresolbaran na Tanganing magbalik na sa normal mga buway ta Makapamasyar makasimba makabalik sa eskwelan Ta a mga estudyante namimis na ni sir saka ni mam,34,extended
1953,congrats Boboy! Joshua proud of you and know dawa ku igen pa kamo talagang maboot na kamo sa kapwa! keep up the good work! congrats to your proud parents!,29,extended
1954,"sa waiting for Agua De Mayo, si Bakunawa, su suanoy na dragon na pigtutubudan na tutulnon a bulan kin agko eklipse ag pagaaluwon ka mga kababaiyan sa pangunguna ka balyana, nagin dakulong ugot bayawak",34,extended
1955,"Naglangto muna sa tsinelas, Maamot o Mabata Ata nang kamuya ko samaray Ta diri kami natataya, Lang ustik kaya namong magdalagan Na diri nararakop ag nadadapla Kirang pag ngumon ngumon, Atang lakopa ka ganting magngayamon,",35,extended
1956,hanap buway mata tuko bulong lakaw D. Tandaan Mo Compound words a bauy ka bagong saritang nabilog galin sa darwang alukut na sarita na pinagtugbung nagka agko bagong kahulugan.,29,extended
1957,"si Shanelle Jan Escuro, usad a nabuena, nahilig magsurat magpuon ku taon 2020, palibot ku manlainlain na tema na nakaluog sa mga dyurnal ka Likhaan the Journal of Contemporary Philippine Literature.",31,extended
1958,"Sa ibaba kadi agku nakaluug sa gatikut o indented na dakulung letrang A, B o pwedeng umabut sa C bilang pananda ka detalyeng nagsusuporta ka pamayung paksa na mababayd sa talata.",31,extended
1959,"Su Sinapna Kong Marurit Sa panulat ni Dancalan Sabado adtong gab'e kin diri ako nasasala, Nagtugal si mama na ako na muna magsapna Kaya nagsabi kong amo, Taadto na si Mama, naggalin, diri nagpatuod, pasari raw adto.",37,extended
1960,"You are given the chance and the trust ka kanatong mga kabarangay, go forward and serve the people that put you on that position with dignity and pride.",28,extended
1961,A sumusunod mga alimbawa an sa pangngaran tawu Bhem Bhem Lola Beleth tatay nanay igin ayup damulag bayung isura upus ayam bagay rubbershoes bag lapis libru payong lugar uma iskwilan tindan simban sasaran,33,extended
1962,"ade si Gadon dapat na madisbar sa kanyang pagkaabogado y dapat makulong tanganing dire pamarisan ka ibang abogado na oda gibo kundi magraraot ka dignidad ka kapwa sa paaguing mga storya na oda man kamaturanan,",35,extended
1963,sa ibang gab-i gusto ko na magsupong man sa pulang bikini ag maglunad sa puting kabayo paiyan sa puting kastilyo kin sari nag-uulat su prince charming ag kin sari kami mig-istar na mamuya sagkod pa man,36,extended
1964,magayonon ang caption so etong mantang pigbabasa naroromduman katong panahon arog man kami kaan buda mapapangirit sa hugot mo ang dulay kato pigbabangluhan so aso kan ata nin paroy na binayo mas lalu masiram ang tubig.,36,extended
1965,"kin sakali, ade kin sakali ha? manlaban o abong parakop, badilon na kin malagarto, no problem, ta kin makosog a ebidensya y oda man ibang suspect, badilon kin manlaban y kin abong parakop.",33,extended
1966,hahaha ayos bagog saud kmi lukad at mais naglaog kmi sa Rrs d kmi tgpansin ta malapokon su tsinelas me iluas ni Paderes su perak tudo bga su asikaso pigcash me,31,extended
1967,"apwera pa ka kanyang propesyon sa gender mainstreaming, iya man usad na dedikadong ina, pintor, saka ilustrador, a kanyang pagpapadagos sa edukasyon nakasentro sa disiplina ka information technology.",28,extended
1968,"Posible humarani o maglandfall ha Samar Provinces o Bicol Region an sentro han Bagyong tinikangan buwas nga adlaw o ha Miyerkules, ini in basi ha datos han Joint Typhoon Warning Center han Amerika.",33,extended
1969,"agku kapasidad o eksperyensya ka kanyang sinasabi o sinasarita, saka agku kapasidad sa paggamit ka mga kasangkapan paryu ka tindug, tamang prunansasyun, tamang boses, tamang kumpas, tamang iwag saka tiwala sa sadiri.",32,extended
1970,ag amo nagrait ako pa'la nag-arteng arog ka isay man na beauty queen na nanggana sa Miss Universe title nagbukas sa nganga nagtawob ka nganga ku kamot pigyapyapan a lalawgon nagtatangis labing nagsasabing i don't want to cry,38,extended
1971,kung igwa na kuta ng bus pauli sa Bikol dai iyan mangyayari sainda kundi tano daw ta habo pang tugutan ang mga bus na magbiyahi haling Manila pasiring sa Bikol ta hirak man.,33,extended
1972,di na kita pkadayan huhu katakot 43 pero baka knato mn makatakot parang usad sna gad poh ah kaggebo kan dnman ay naerak ai 12 yrsold ping grbe sna,29,extended
1973,"so doseng apostol binaoy ni Jesus so doseng disipolo niya sagkud tinawan sira sa kapangyariyan na magpalayas sa maraut na espirito sagkud magparay sa ngamin na klasi sa o ka'ilangan sagkud kamatian 2amo adi so manga ngaran ko doseng apostol ona,",41,extended
1974,"Malilingawan mo man, Su mga pangako niyang biliwan, Na dawa unong sakit ka sitwasyon, Diri kamo migsinuwayan, Pero Diman inutob Diri pinanindugan, Puro palan butig Uda man kamaturan.",28,extended
1975,"Bukas po ngowan na Lunes a Registration Center sa Nabua Municipal Hall para sa Philsys Step Registration Magdara lang po sa valid o dokumento Para sa mga menor de edad, kaipuwan pong kaiba a kagigin o guardian Dios Mabalos po",40,extended
1976,alagad agko raw migtubod kanako kin sabiyon ko na agko usad sadi a sadiri tang klaseng dragon nakaistar adi sa salog na malumot a tubig mga 400 kilometro pa-sur sa usad na baryo na a baoy Santiago,37,extended
1977,A mga cactus nagsasaludo sa mga makukusog a buot na magagi sa mainit na disyerto A malinig na tubig ka salog matandos na nagdadalagan paiyan sa dagat Nakangisi kanato a aldow Iniistorya ka diyaryo a ngamin na barita,38,extended
1978,"a mga soltero ta linalabanan ana lula, katibaadan sa iwas kana kadagatan, nganing magkaagko man atop a baloy, makapagadal su kauriyan mabalukat su raga, mabayaran su malangabang listan sa utang sa kaabay na tindan ni nana Istang.",37,extended
1979,pig-oorgulyo man niya kin paunong nagin lagong ading boses ko ag kin pauno 'kong 'lang abladang mag-agi na bagana lalong na amo pigpagibo kanako ku mga manok nagkuko pa ngani sira sa sulog 'nganing ipabayad kanako,36,extended
1980,kin diri nakikiistoryan si mamee sadto mga pukuapuon niyang lalaki pirmi iyang nagngangayamon arani sadto kulor raga ag berdeng punggok na kawoy sadto luwas ku baloy ku inang Maria na a supong asul na bado,35,extended
1981,"Kaya kaipuwan talaga na pirmi kitang maglikay saka sumunod sa mga health protocols na ipinapautob ka kanatong gobyerno, arug ka pagsupong sa mask, face shield, pagaalcohol pirming pagugas sa kamot saka diri pagiyan sa mga matatawong lugar.",37,extended
1982,"Lapu Lapu is not a hero, he is a villain ta an purpose man sana ni Fernando Magallanes kun tano ta nagigdi sya was to circumnavigate the world and to spread Christianity.",32,extended
1983,pag mga drug dealers pinapabayad ah lalawgun pag mga arug kading case diri unta man iton pasada Rinconada Camarines Sur buko bagang su importante amo ibroadcast na pakaray umay,29,extended
1984,si mommy dearest nag-uraol pala piggakos ako pala nag-uraol sa gatingay pa pala nagpuon nang mangadyi sa 200 na tara kagurangnan Maria uru-aldow 'nganing su demonyong espiritu na nagsanib kuno kanako gumalin na,33,extended
1985,minsan pag gab-i pag pigkakaputan niya su batalon na kamot ka pukuapuon niyang lalaki labing a mga gurang na babayi nakatiklod na nangangadyi ka rosaryo sadto itom na estatwa ni inang Maria magpupundo adi sa kubog-kubog,36,extended
1986,a usad sanang paagi 'nganing makaretiro iya pa'la magraan amo kin maipasa niya a kapangyariyan niya bilang aswang sa kiisay man-girl boy bakla tomboy cannot be sa butiki baboy unggoy pero amo sa lady boy,35,extended
1987,su igin punok na nag-ulat labing pig-aalsa ni nana Kuring su planggana na bagana tamanyo sa saparilya sa soft drink na puno sa lalaban 'nganing maisuno 'di sa payo kadi labing nakaukrong ta pigpupurot su palo-palo,36,extended
1988,"A Pagkakaiba ka Istorya saka Tula Isinasaad ng Batas Republika , sekyon na Walang aangkin ng karapatang ari ng anumang akda na gawa ng Pamahalaan ng Pilipinas.",27,extended
1989,"sana po matabangan po ninyo kme. subrang boot po kan. na ayam namu , halos. ngod na ah turing namo kan pag naguuli kme sa Bicol , dali kan na sumabat , d pumupundo.",34,extended
1990,ngamin ngaya mapapakaray pag su ilong namundag - su igin na amo bumbaoy ka ngamin na sa rugo sa muerta Caxerex na tumiklod - kin su nabuway liwat na laman ni Nuestra Senora bumalik na,35,extended
1991,pagibo pa ng pa gibo ng dtr halos 3x na kming naggigibo mayo pa hanggang ngonian langya nagtseke pa dwa ako masupog akng magbalyo kan sa bangko dosyentos labi,29,extended
1992,nasa lgu ang problema sa bao maski man igwa kian itatao sa mga tawo pero sunod pa man dyaday sinda sa protocol permi agq 1 mtr tas w f. shield and mask.,32,extended
1993,pero mas maitom ako mas mataba - amo tabi baby fat adi - pa'la agko mga gura sa kanin-an sa punggod pero dakol man na mga pampagayon na produkto na mig-asikaso kan pa'la san man si doktora Vicki Belo,39,extended
1994,"Eh pauno so mga estudyante na buko sanaman kayang atupagun ana sinasabing online class na ahan , so mga estudyanteng nagiging katabang kana kandang magurang na nagdedeskarte para agko makaon sa urualdow ,",33,extended
1995,"sa kada pagbuwat ku gurang, nagbabaya ana parong niya sa kayong mga ulunan langis na pinasantigwaran ki Penafranciang nilalayid niya sa puputlan niya pag miturog, pag maagnow, pagpangadyi, pagkagisong, pagkarigos, pagmigpaturog kanimo.",32,extended
1996,paglamutaw nira sadto mababow na puro dinara sira ku maluway na sulog paiyan sadto luyo kin sari pigtatago ku mga dakulong bato su duru diretsong bulos galin sadto irarom ku siwang sadto gilid ku bukid,35,extended
1997,"makangangalas an natura kan lalaking ayam na minasimbag sa pagkirag kan babaying ayam, huli ta mina-iba an hiro kaini sa presensya kan babaying ayam, dai ini napapatunong, garo nabubua, sa pagmawot na masagbatan an nagkikirag na babaying ayam.",38,extended
1998,"Nagiging complex a pangungusap kin a sugnay na nakapagiisa saka sugnay na di nakapagiisa pinagtutugbong ka mga sasaritaon na ku, pagkatapos, bago, dawa, kawasa, mantang, kin, hanggang sa, kin sari , kuno.",32,extended
1999,kmi darwang semana na uda action a Converge naputol ko truck sa Casureco so kabli namo uda basang bga action a Converge atang nagiexam mga daughter ko last Monday malang uyam Converge hiro hiro man tabi,36,extended
2000,kinudkud na lukarun na niyog na ayo konting asin ang habu ko lang kaidtu so inuman na daud madiglumon pero gari hali sa ref ang tubig.,26,extended
